"fossil_fuel_consumption","renewable_energy_share","deforestation_rate","co2_concentration_ppm","temperature_anomaly","sea_level_rise_mm","heatwave_days","drought_index","air_quality_index","climate_risk_index"
"28.14","42.3","1.26","387.85","1.16","2.14","50","0.85","148","23.69"
"86.4","53.65","0.62","407.24","1.05","4.19","37","1.01","50","70.1"
"34.95","47.2","2.08","450.54","1.24","6.46","27","4.59","107","34.74"
"77.11","36.65","2.15","415.42","1.19","3.37","25","4.29","129","45.59"
"37.27","50.35","0.76","403.42","1.32","4.64","41","1.0","149","55.77"
"50.15","59.28","0.77","342.89","1.68","2.31","22","4.38","172","68.62"
"65.85","21.51","3.46","426.67","1.41","1.48","45","1.05","71","23.87"
"31.12","11.51","0.93","434.75","1.22","4.6","48","3.13","110","83.59"
"71.61","45.23","2.95","372.5","1.85","4.16","29","0.41","113","72.18"
"68.29","58.82","1.7","413.33","1.54","2.94","2","4.4","177","23.41"
"58.02","11.42","1.58","419.83","1.06","5.55","27","0.26","138","97.5"
"59.61","28.74","1.1","439.12","0.61","1.38","32","2.77","60","66.48"
"27.4","8.42","2.73","396.88","0.7","2.02","41","3.9","79","45.24"
"50.52","47.71","3.09","393.12","1.47","2.85","2","0.58","81","15.75"
"26.06","57.18","0.99","403.59","0.85","3.07","4","2.02","111","53.32"
"41.55","32.44","0.42","447.11","0.7","5.26","56","0.21","85","16.48"
"83.02","27.52","0.57","441.1","0.8","3.56","18","3.41","121","42.95"
"60.22","54.92","2.8","414.47","0.83","3.27","41","1.54","112","40.87"
"71.99","12.34","1.58","440.49","1.44","1.98","57","2.8","157","71.99"
"60.17","54.04","0.55","355.78","1.04","4.8","56","4.66","80","19.24"
"33.6","26.57","1.26","434.79","0.55","2.14","47","1.53","133","82.19"
"61.64","35.77","1.85","387.03","1.11","1.97","0","0.24","171","32.61"
"72.88","34.06","3.0","459.18","1.19","3.02","37","3.38","138","44.4"
"29.69","38.88","2.28","388.39","0.91","3.7","8","3.93","181","77.23"
"77.18","56.82","0.7","393.68","1.56","2.64","59","4.79","181","62.54"
"58.88","57.31","0.64","429.06","0.93","4.35","4","0.79","92","30.8"
"20.3","50.71","1.5","431.47","1.54","3.16","58","1.96","167","38.62"
"56.38","15.53","0.36","403.84","1.34","4.76","45","4.22","68","30.58"
"47.7","23.34","2.67","424.29","1.47","4.11","41","4.03","62","59.48"
"40.75","31.83","1.46","427.38","0.66","5.65","33","3.12","124","33.26"
"73.99","54.8","1.27","424.83","1.14","2.97","36","1.35","198","72.57"
"82.96","33.65","1.83","404.89","1.08","4.51","32","1.42","135","57.98"
"73.39","58.76","2.51","427.63","0.53","1.36","24","0.62","110","14.57"
"79.27","59.11","2.04","450.16","1.54","6.97","41","4.61","190","31.03"
"83.61","37.92","2.83","384.36","0.77","4.45","28","0.86","47","22.14"
"83.88","53.26","2.24","394.0","0.86","3.14","57","2.86","115","39.03"
"28.02","59.96","2.78","415.68","0.69","3.19","24","2.92","139","51.6"
"51.95","51.73","2.47","388.59","1.38","3.2","53","1.85","55","50.68"
"20.02","41.13","0.76","369.91","0.49","5.71","58","1.76","193","75.45"
"55.45","51.48","0.28","442.33","1.35","4.58","8","3.34","196","18.92"
"84.7","9.55","3.17","359.28","1.52","2.97","2","1.94","132","94.65"
"33.94","39.92","3.32","404.94","1.31","2.01","14","1.28","45","34.28"
"64.79","16.91","2.57","433.97","1.39","4.94","3","2.0","76","30.02"
"65.11","11.38","2.56","421.67","1.4","4.51","44","4.04","134","68.52"
"31.22","54.11","1.02","405.32","0.72","4.35","37","4.83","100","80.55"
"36.7","40.18","1.94","387.56","1.67","3.4","19","3.18","57","37.85"
"52.34","18.4","3.47","423.6","0.92","3.14","48","3.91","150","74.68"
"33.17","26.27","3.01","390.29","1.07","5.52","22","2.66","134","88.37"
"60.95","58.53","1.13","421.65","0.97","5.63","36","3.12","55","76.68"
"53.92","52.42","1.12","418.52","1.3","4.27","46","4.94","143","3.42"
"56.34","5.86","1.74","418.78","0.88","4.66","7","2.19","53","82.74"
"29.41","58.89","1.48","398.99","1.13","3.78","56","0.33","142","77.45"
"56.21","25.27","1.36","465.88","0.61","1.86","36","4.79","107","66.93"
"23.46","43.25","2.23","423.96","1.57","2.32","55","3.97","69","76.0"
"81.71","44.2","0.14","408.03","1.37","4.88","44","1.99","99","97.94"
"44.03","55.14","2.7","421.61","0.98","5.03","32","4.91","92","43.11"
"79.94","53.68","2.62","395.64","0.91","4.76","32","1.73","197","6.72"
"69.12","20.5","2.92","405.34","1.36","3.92","6","1.86","103","46.09"
"73.63","40.39","2.96","474.8","0.82","4.81","21","3.05","53","4.64"
"42.02","26.65","2.03","395.82","1.15","3.43","4","1.37","62","29.43"
"35.94","33.9","2.75","413.06","1.56","4.25","45","3.49","195","58.69"
"48.47","35.51","1.77","403.6","0.78","3.25","14","0.76","161","30.96"
"21.7","26.8","3.34","389.01","1.25","2.23","20","0.54","46","68.54"
"84.31","30.51","0.75","425.53","1.23","4.54","24","2.67","49","82.2"
"47.09","16.46","3.21","415.91","1.06","5.03","16","2.78","141","42.04"
"89.2","38.42","0.98","437.78","0.9","6.47","55","0.53","52","90.01"
"73.3","46.74","0.45","435.26","1.59","3.82","49","4.82","199","7.98"
"25.64","28.64","1.59","437.52","0.86","2.24","6","2.87","166","84.01"
"66.21","58.77","2.19","392.04","0.38","3.11","53","0.76","87","82.86"
"38.96","8.15","0.89","431.02","1.36","3.34","57","1.56","44","32.2"
"37.06","37.4","1.99","431.63","0.62","3.68","49","4.0","100","29.87"
"37.96","37.1","2.85","389.47","1.38","4.07","59","2.62","161","30.51"
"84.13","7.0","0.97","407.03","1.63","3.94","18","0.94","129","81.14"
"55.0","17.35","2.07","378.6","1.35","4.43","51","0.51","142","83.17"
"66.86","54.8","1.25","431.74","1.53","3.74","6","2.15","129","32.97"
"39.67","34.95","1.9","431.63","1.91","0.83","39","1.69","42","59.26"
"56.61","29.0","2.37","450.76","1.49","3.77","44","3.28","63","13.89"
"44.51","27.85","1.29","409.28","1.23","3.6","58","4.63","156","46.88"
"42.48","53.85","3.48","426.29","1.75","4.16","49","1.24","137","99.88"
"37.29","25.19","2.02","439.69","1.8","3.07","23","4.28","123","15.88"
"48.63","52.25","2.9","396.15","1.81","3.77","10","4.6","158","94.76"
"66.2","22.01","2.57","392.35","0.9","4.17","40","4.51","81","82.43"
"35.54","34.23","3.0","396.93","0.56","3.31","54","4.76","187","97.22"
"87.58","12.91","0.69","406.27","0.88","4.31","0","4.21","80","17.96"
"28.72","50.38","0.86","393.24","1.38","3.58","53","2.97","121","21.35"
"53.61","45.48","1.76","398.0","1.16","3.69","31","2.05","141","1.69"
"25.95","34.16","3.0","437.02","1.02","-0.01","39","2.46","187","72.47"
"21.59","6.42","0.77","412.59","1.32","2.13","52","4.36","45","64.41"
"84.59","31.47","3.4","422.67","0.51","2.13","43","1.51","161","17.81"
"76.73","17.39","0.53","401.23","1.16","3.76","1","0.8","64","79.11"
"68.59","27.74","0.7","399.59","1.55","5.03","14","0.7","80","29.92"
"80.56","52.1","0.67","422.14","1.32","3.36","20","4.13","42","13.5"
"76.2","47.33","2.09","418.15","1.38","4.52","23","3.81","147","42.26"
"65.31","18.31","3.22","434.45","1.74","4.28","49","2.49","96","9.1"
"79.31","59.17","0.97","447.54","1.07","3.67","16","1.37","122","26.32"
"47.36","54.68","1.98","397.71","0.84","4.19","46","3.39","113","37.13"
"58.69","34.08","0.7","436.53","1.58","3.8","51","0.19","172","85.19"
"74.34","34.16","2.25","388.0","1.57","3.33","51","2.84","125","79.25"
"25.94","54.57","0.52","466.84","1.32","3.97","8","1.99","136","44.28"
"80.11","39.99","1.77","395.34","1.04","5.24","34","4.89","54","72.46"
"30.98","34.52","2.33","432.27","1.1","4.07","19","2.54","127","56.86"
"80.52","46.2","2.07","387.82","0.59","3.76","18","2.76","133","34.08"
"41.79","17.93","0.58","411.2","1.55","2.45","17","3.56","165","72.59"
"42.87","53.31","0.65","453.64","1.53","5.2","19","2.42","139","68.35"
"25.18","34.23","2.38","394.56","0.58","1.81","29","1.12","78","61.91"
"82.01","38.19","2.85","470.1","1.45","1.45","39","2.69","118","61.8"
"32.22","9.95","3.19","414.87","1.26","3.95","0","4.72","78","68.3"
"64.1","22.02","2.87","439.39","0.69","2.44","23","2.05","91","38.45"
"65.08","28.47","3.41","425.07","0.62","4.81","23","3.4","170","86.91"
"39.68","27.77","1.49","426.43","1.25","1.48","46","4.89","196","16.23"
"89.0","47.81","1.23","379.35","0.94","4.65","18","4.15","165","88.39"
"24.49","20.53","0.2","403.18","1.83","4.49","29","3.3","198","34.23"
"62.55","15.02","1.63","444.9","1.48","3.64","25","3.68","105","12.5"
"53.57","37.04","2.31","406.39","1.29","0.98","41","4.68","84","60.0"
"37.18","38.83","2.87","418.47","1.31","1.43","43","4.8","61","37.6"
"31.45","11.69","1.01","376.31","1.63","3.79","59","4.84","122","81.55"
"71.6","5.14","1.85","401.56","1.44","3.22","37","3.13","177","43.08"
"84.14","55.47","2.35","443.08","1.3","4.37","28","1.92","188","66.86"
"27.53","9.38","1.98","382.93","0.71","3.42","12","0.67","56","30.83"
"33.58","54.38","1.03","432.93","2.32","3.31","3","1.93","106","20.95"
"89.04","26.96","2.81","419.44","0.66","0.59","44","4.71","46","38.8"
"21.05","40.92","0.69","409.1","0.97","4.49","16","4.45","140","60.68"
"55.58","15.21","3.18","408.0","0.44","2.72","32","2.62","75","65.69"
"56.13","50.32","3.34","402.72","1.32","3.02","4","2.69","106","57.82"
"38.42","14.91","1.34","404.95","1.16","2.22","27","1.54","116","98.81"
"66.41","26.26","1.38","438.24","1.41","1.65","23","2.27","197","69.11"
"86.15","18.09","2.63","404.2","0.4","5.27","16","3.57","126","93.15"
"51.51","51.06","1.65","460.19","1.55","4.45","49","2.01","196","11.79"
"72.46","52.21","0.2","422.49","0.78","4.47","38","0.94","111","6.14"
"65.22","25.46","3.23","400.59","1.04","3.24","47","2.7","98","31.1"
"53.11","21.91","1.56","439.33","1.47","1.41","39","1.13","59","13.66"
"23.49","47.55","0.79","430.6","1.2","6.02","43","4.87","196","52.59"
"71.92","53.32","1.99","373.65","1.23","4.01","45","1.95","168","51.9"
"45.43","39.32","0.84","389.14","1.42","3.66","50","4.55","148","57.5"
"35.71","56.01","0.8","412.11","1.27","3.07","10","1.13","53","74.52"
"86.38","26.07","1.96","375.41","0.96","1.05","11","0.95","63","97.13"
"74.15","13.35","1.43","467.26","1.03","4.87","12","3.08","149","87.83"
"87.36","14.88","2.05","435.56","1.18","2.23","7","3.9","173","11.84"
"37.94","41.84","3.49","414.67","0.74","4.16","0","2.83","77","33.85"
"78.51","27.41","3.02","406.43","1.5","4.43","8","1.15","168","25.58"
"62.54","13.6","0.13","400.01","1.22","3.9","27","0.19","80","17.68"
"88.71","21.07","0.27","365.9","1.13","4.06","1","3.09","70","54.47"
"86.24","34.18","2.17","371.68","1.58","5.12","13","0.66","75","55.33"
"88.11","11.68","2.23","462.53","1.05","2.55","12","1.72","144","22.72"
"86.62","5.19","3.09","454.34","1.03","3.7","47","3.38","148","71.19"
"20.54","55.45","2.24","400.61","0.91","3.23","1","0.49","70","73.29"
"71.88","21.77","0.87","437.7","1.24","1.29","3","0.64","196","2.1"
"39.04","17.18","1.69","427.66","1.22","3.84","11","0.31","152","39.58"
"69.35","43.42","2.85","430.61","0.83","5.0","47","4.98","170","89.01"
"88.64","51.94","3.24","379.37","1.03","5.15","9","1.94","100","52.03"
"22.76","39.78","0.91","369.8","0.84","5.73","2","4.53","45","34.76"
"59.69","19.0","1.93","444.56","0.82","1.37","3","1.47","59","25.37"
"71.45","52.39","0.64","365.52","0.41","5.45","5","3.77","150","24.34"
"37.74","33.07","1.79","411.3","1.01","3.72","22","1.1","100","9.98"
"35.76","25.97","0.41","405.81","0.42","5.42","4","2.49","180","81.72"
"24.22","38.26","3.3","403.5","0.91","3.03","49","4.12","62","8.67"
"26.57","43.53","2.27","422.86","0.85","2.86","2","4.08","118","29.23"
"65.97","37.66","3.0","398.06","1.52","2.04","9","3.97","70","4.57"
"55.36","55.61","3.49","424.89","0.69","4.43","42","4.12","43","78.14"
"22.11","39.54","0.72","418.53","0.8","4.12","18","1.06","157","3.93"
"87.88","53.32","2.46","467.47","0.95","2.16","13","2.41","105","30.83"
"65.92","37.28","3.12","380.36","0.87","0.9","20","2.42","183","57.33"
"56.08","23.13","2.06","415.73","1.65","4.0","59","4.45","154","40.96"
"39.09","34.28","2.27","425.78","0.64","4.14","42","1.48","70","28.23"
"66.07","9.75","1.49","408.59","0.95","2.32","27","4.66","162","27.52"
"45.49","17.66","2.39","381.57","1.23","2.07","20","2.25","82","79.78"
"69.17","47.14","1.44","446.43","1.45","4.29","35","3.35","43","97.4"
"67.78","41.38","1.72","423.42","0.95","5.73","23","1.34","87","34.8"
"26.49","14.16","0.45","383.33","0.33","2.91","53","2.05","195","3.91"
"83.65","29.09","0.13","425.97","1.04","2.44","37","3.55","183","3.66"
"54.09","12.81","0.29","457.54","1.64","3.86","16","2.56","128","75.92"
"47.51","52.07","0.75","414.09","1.21","4.26","21","4.65","165","55.24"
"86.88","11.0","1.65","414.94","1.19","3.06","18","3.69","116","78.36"
"50.67","40.98","0.17","454.2","0.67","5.93","44","2.82","197","69.75"
"70.49","38.39","0.63","390.74","0.63","4.58","53","4.43","104","90.75"
"65.86","31.0","2.76","458.19","1.11","3.04","9","3.33","108","88.58"
"31.56","20.3","2.69","439.32","0.53","1.59","10","3.24","53","78.83"
"89.38","27.22","2.79","391.89","1.41","5.08","37","1.23","114","47.52"
"52.45","49.35","3.23","398.29","0.76","4.93","1","1.97","68","30.81"
"47.63","46.89","0.5","401.88","1.09","3.14","32","3.42","118","50.7"
"84.37","45.63","0.65","369.16","0.35","3.92","42","4.46","192","50.21"
"57.05","46.24","1.23","421.51","0.94","3.32","30","1.58","133","61.03"
"69.36","12.91","3.21","393.03","0.63","4.12","47","1.08","105","18.61"
"79.24","10.45","2.74","422.41","0.17","2.27","34","2.97","154","65.56"
"36.48","52.38","1.2","382.73","1.32","2.1","36","0.34","79","45.66"
"31.86","51.04","0.4","438.08","1.76","4.47","46","3.57","182","62.02"
"24.8","42.47","2.2","433.44","1.55","4.63","46","3.52","71","23.96"
"82.8","38.32","0.97","397.35","1.37","2.91","35","1.77","59","43.44"
"34.03","25.18","1.91","423.99","0.93","2.6","22","4.46","92","21.02"
"41.54","17.32","3.3","417.07","1.42","4.88","35","2.51","88","87.53"
"40.01","41.72","2.05","452.06","1.59","2.64","39","3.23","128","48.8"
"41.32","55.22","3.24","389.19","1.15","3.57","38","1.05","121","22.5"
"66.76","29.03","1.44","411.19","0.63","3.41","25","2.09","40","4.12"
"86.79","21.68","2.25","398.98","0.9","1.74","24","4.31","100","67.57"
"43.06","19.89","3.14","416.12","1.78","3.73","16","1.06","169","21.46"
"48.54","6.3","2.1","428.33","1.07","3.61","14","1.95","133","98.96"
"73.98","33.62","2.19","398.7","-0.23","3.93","36","1.59","56","53.37"
"50.26","59.35","2.54","405.9","0.51","3.69","44","0.76","196","28.9"
"84.82","49.84","3.1","439.15","0.93","6.06","3","1.45","156","65.77"
"55.23","54.36","0.4","448.93","1.51","4.89","21","1.16","145","27.52"
"44.34","39.16","1.25","427.34","0.99","3.55","16","4.62","171","82.03"
"88.01","31.48","1.45","411.55","1.52","3.66","21","3.71","124","30.82"
"49.8","59.48","3.19","409.17","0.89","5.62","16","1.58","82","98.82"
"36.18","29.59","3.35","428.7","0.31","4.54","13","3.82","115","60.51"
"32.44","55.43","0.51","420.69","0.9","2.03","13","0.11","179","84.44"
"89.66","46.9","0.5","373.78","1.24","4.64","16","2.63","89","7.28"
"72.71","23.2","3.28","429.31","1.2","4.99","7","1.25","100","34.83"
"48.61","32.67","1.11","393.49","0.6","5.44","33","0.57","143","73.75"
"77.85","26.14","0.92","379.58","0.96","3.02","25","4.42","90","65.51"
"58.28","12.49","0.22","373.29","2.17","2.93","44","1.0","116","19.42"
"42.22","24.62","1.04","409.6","0.61","2.37","29","4.11","137","35.62"
"72.04","53.89","2.46","389.59","1.36","3.87","21","2.07","122","26.34"
"72.21","46.39","1.55","356.84","0.26","4.38","15","0.07","117","61.34"
"55.01","20.27","1.86","406.04","1.45","2.88","29","3.66","44","34.46"
"23.16","25.24","3.22","402.74","0.74","3.33","15","2.98","195","30.91"
"25.39","38.9","0.49","411.25","1.26","1.04","37","1.72","177","20.74"
"75.21","27.89","0.34","399.28","0.58","5.31","53","1.41","127","40.9"
"77.64","32.67","3.0","460.73","1.22","1.62","23","0.37","56","19.55"
"67.48","43.4","2.73","427.93","0.74","3.95","35","4.71","104","96.26"
"78.73","30.7","1.0","402.51","0.81","3.79","34","2.47","163","15.45"
"70.36","15.5","1.2","413.41","1.28","3.55","5","0.43","60","91.33"
"82.79","33.63","1.15","450.37","0.93","3.58","3","4.34","150","42.85"
"30.53","24.59","2.3","438.92","1.25","2.29","17","1.39","146","37.79"
"47.14","20.99","0.31","380.09","1.02","3.11","5","1.02","61","23.13"
"52.49","23.05","1.76","390.64","1.13","4.66","25","1.4","108","63.58"
"40.84","29.15","0.56","395.45","1.28","5.02","36","2.82","75","68.55"
"70.78","53.76","2.89","404.01","0.96","2.99","26","0.37","188","46.76"
"83.87","45.37","1.39","400.11","0.7","1.63","40","2.41","112","5.57"
"48.87","41.73","1.89","415.85","0.89","2.57","10","4.48","130","91.85"
"85.91","30.92","0.2","433.39","1.58","5.72","37","0.94","165","98.03"
"56.17","5.1","0.3","437.57","1.15","2.64","15","1.66","185","43.1"
"56.58","23.73","2.4","406.83","0.76","3.38","18","1.98","138","61.37"
"62.02","49.73","2.71","374.13","1.26","5.2","42","2.93","54","45.03"
"38.78","26.35","2.51","388.99","1.29","2.87","52","4.6","83","32.19"
"46.84","36.01","2.61","402.01","1.31","3.3","14","1.97","136","7.73"
"58.73","16.26","0.46","383.87","0.71","4.45","25","0.35","75","45.61"
"85.94","55.37","2.46","443.52","0.83","5.55","55","1.74","69","81.84"
"64.99","55.77","0.72","385.51","0.83","2.73","40","0.95","65","1.7"
"43.32","13.03","0.43","430.43","0.96","5.17","55","3.26","124","58.21"
"20.73","44.83","2.67","372.95","1.32","3.16","30","0.15","140","88.08"
"88.72","9.14","3.12","431.43","1.22","2.44","18","1.46","160","21.75"
"54.51","37.92","2.54","411.52","1.25","3.8","56","2.73","70","18.33"
"85.69","14.83","2.84","452.81","1.64","2.11","50","1.39","56","77.23"
"58.45","13.01","3.47","386.71","1.38","4.07","23","2.75","137","25.51"
"62.38","5.23","0.56","400.9","1.04","7.28","57","0.57","165","19.2"
"69.83","56.75","3.38","405.74","0.63","4.83","8","4.71","63","37.8"
"42.47","50.61","2.14","411.19","0.81","3.37","22","1.45","161","39.25"
"68.93","9.26","2.87","406.35","1.0","4.76","3","4.62","171","87.41"
"56.88","37.97","2.31","406.83","1.43","2.38","9","1.63","176","61.84"
"67.07","17.81","2.04","406.42","1.09","2.58","8","3.91","169","40.6"
"78.51","19.52","2.49","363.22","0.84","3.41","18","1.23","162","53.44"
"32.9","53.08","1.19","439.83","0.81","3.61","14","3.35","77","95.4"
"62.95","11.29","3.24","486.53","1.07","1.95","50","1.62","182","11.32"
"23.65","38.08","0.49","422.46","1.46","3.13","33","2.55","170","20.77"
"27.15","27.07","1.18","386.61","1.74","3.33","41","3.37","198","96.25"
"67.22","15.49","0.21","389.14","1.02","5.35","18","2.94","96","95.73"
"24.97","29.86","1.02","430.33","1.08","1.95","48","2.88","81","17.72"
"61.68","56.73","0.84","424.64","0.61","1.84","51","0.33","92","14.51"
"35.4","47.99","0.27","407.89","1.88","3.71","55","1.25","158","42.11"
"41.29","12.27","1.77","433.84","0.54","4.88","20","2.86","160","4.97"
"29.07","51.72","1.69","363.4","1.57","4.16","33","0.09","95","65.49"
"37.41","56.56","0.36","433.85","0.95","3.86","50","1.25","126","7.75"
"77.49","20.23","0.99","420.94","0.86","3.15","16","1.15","115","5.8"
"64.72","23.34","3.34","390.1","0.66","4.31","17","1.25","124","48.52"
"86.48","11.95","0.48","379.17","2.06","4.49","16","2.68","124","95.78"
"23.41","23.97","1.14","418.03","1.19","3.19","1","2.91","199","42.68"
"75.47","42.02","0.22","450.18","1.11","2.36","50","4.54","120","35.65"
"68.94","19.97","0.61","409.3","1.45","2.37","0","1.93","47","99.8"
"38.26","5.38","2.48","393.68","0.84","4.55","42","4.63","50","53.2"
"71.04","23.62","1.35","419.78","1.1","1.65","56","3.26","177","37.52"
"70.16","29.92","1.64","460.52","1.12","5.51","9","4.56","154","38.59"
"52.15","36.15","0.63","425.78","0.9","2.95","36","4.17","120","19.5"
"68.2","42.61","2.42","428.49","1.58","3.87","47","3.44","126","51.22"
"51.12","8.4","2.66","445.57","1.01","4.34","55","1.78","81","43.89"
"43.49","30.84","0.72","426.81","0.48","2.68","4","1.21","76","27.08"
"52.65","19.65","0.25","395.48","0.98","2.95","55","1.11","131","16.05"
"82.66","57.14","0.38","371.39","1.2","3.66","54","4.76","124","31.12"
"46.92","24.79","2.33","391.96","0.74","2.48","11","4.79","98","50.87"
"48.26","10.51","0.56","387.38","0.77","2.22","35","3.62","191","5.83"
"62.59","7.28","1.78","431.48","0.88","2.33","30","4.42","195","15.37"
"72.71","19.6","0.62","434.96","1.59","4.95","54","4.59","76","94.77"
"71.42","14.84","0.68","419.39","0.91","3.98","37","2.56","60","54.29"
"21.39","40.74","0.11","383.28","1.67","2.55","50","3.15","169","6.34"
"68.12","51.58","1.19","459.66","0.85","4.55","8","2.09","122","69.31"
"51.54","22.19","0.41","404.59","1.23","2.61","43","2.09","195","6.18"
"56.69","36.78","1.44","430.09","0.92","1.16","25","0.19","182","73.89"
"59.32","45.17","2.13","416.23","1.4","4.34","14","2.17","40","75.0"
"71.22","26.92","1.35","420.22","0.65","5.48","15","3.37","146","65.11"
"78.19","8.65","2.5","429.2","1.4","4.17","12","2.11","67","73.22"
"65.24","17.61","2.62","397.6","1.15","1.24","24","4.36","89","8.8"
"59.47","53.57","2.47","447.64","0.84","3.47","29","1.66","74","72.68"
"46.16","50.35","3.28","375.51","1.03","3.17","52","0.66","195","13.67"
"29.65","9.76","0.91","389.04","1.71","3.95","55","4.06","176","33.95"
"87.1","17.32","0.74","447.31","1.16","2.48","6","3.37","191","94.27"
"52.33","47.3","2.17","429.75","0.82","3.1","56","1.21","171","50.29"
"59.63","31.72","2.12","478.51","0.62","1.8","54","2.68","80","96.74"
"72.58","46.8","1.83","416.71","1.3","3.77","51","2.01","106","8.89"
"24.79","16.61","0.11","457.51","1.18","1.84","3","4.69","87","47.76"
"79.85","57.4","1.99","368.56","1.38","4.02","42","3.04","125","6.24"
"75.79","48.1","3.27","379.66","0.52","2.6","39","0.79","97","63.02"
"74.21","15.86","1.24","437.39","0.63","-0.27","37","2.51","78","7.87"
"21.54","35.71","3.39","371.49","1.56","4.45","56","4.31","64","17.54"
"56.86","11.22","1.31","410.07","1.23","4.09","29","3.36","99","25.88"
"23.8","24.88","0.58","444.18","1.31","5.12","9","4.21","156","74.87"
"58.56","41.28","1.45","427.53","0.71","0.99","29","1.25","125","16.4"
"70.29","23.16","1.78","415.28","0.71","2.71","38","4.44","153","84.66"
"28.53","41.12","2.24","403.77","1.5","3.66","6","3.78","123","13.19"
"68.64","18.46","1.82","420.06","1.52","4.19","35","3.64","194","3.52"
"51.47","44.67","1.92","429.43","0.66","1.74","34","1.73","163","39.5"
"76.81","24.78","0.18","398.48","0.59","4.02","23","4.44","150","97.94"
"57.35","48.48","0.96","424.29","1.06","2.81","38","3.19","81","11.03"
"43.53","12.52","1.16","441.96","0.78","1.27","35","4.26","91","10.17"
"43.24","24.91","3.46","409.44","0.77","2.6","44","1.8","87","75.12"
"82.82","30.52","1.1","416.7","0.6","4.12","19","0.73","71","31.22"
"51.7","28.31","3.15","427.09","0.91","1.32","48","1.66","191","71.73"
"48.4","28.82","1.14","428.78","0.64","4.26","31","2.28","170","20.0"
"22.79","29.46","0.43","436.96","0.66","3.84","58","2.67","157","46.01"
"45.5","59.38","0.94","389.64","1.22","3.2","38","2.55","194","26.53"
"79.47","15.62","1.03","401.78","1.08","1.54","48","2.73","62","45.15"
"73.27","47.28","3.43","402.7","1.29","1.63","25","4.21","174","76.91"
"35.46","35.35","2.39","392.4","0.44","3.02","25","0.85","166","76.2"
"48.91","27.75","3.27","370.04","1.1","2.15","35","1.58","76","51.58"
"33.76","39.84","2.94","333.64","1.93","3.1","42","4.44","46","92.84"
"86.8","51.94","2.07","444.89","0.95","4.59","34","2.8","116","26.38"
"61.87","30.67","2.4","376.15","1.43","3.17","42","2.92","121","24.03"
"72.8","52.56","2.22","454.16","1.43","3.14","34","2.39","134","61.38"
"69.97","10.16","2.37","433.49","1.45","3.14","11","2.74","61","62.13"
"81.16","40.92","1.0","404.86","1.17","4.72","32","0.99","117","4.65"
"86.45","23.32","1.49","430.41","1.33","5.05","35","2.73","121","60.78"
"22.27","26.27","2.11","425.63","1.38","4.01","13","4.99","184","37.44"
"88.27","36.41","0.22","387.46","1.35","3.66","32","2.83","58","74.74"
"80.94","31.4","1.74","414.63","0.65","3.78","45","0.22","134","80.81"
"46.81","26.0","3.02","390.5","0.42","5.21","44","3.98","78","55.22"
"78.59","21.96","1.77","431.35","0.48","4.07","44","1.98","156","0.17"
"71.56","39.01","1.98","397.12","0.99","5.33","23","0.77","75","63.64"
"75.52","32.81","0.79","412.58","1.34","3.0","14","4.31","54","74.89"
"35.45","22.78","2.8","411.51","0.66","1.9","30","0.99","196","24.9"
"65.4","16.27","1.32","418.04","1.47","2.7","16","4.6","99","46.46"
"21.81","47.6","3.35","456.56","0.9","2.82","11","2.21","183","96.57"
"79.38","48.98","3.48","408.98","0.9","5.43","21","3.71","128","29.81"
"86.57","16.76","3.21","445.45","0.77","4.38","22","2.73","55","22.32"
"66.35","19.39","0.39","427.0","0.35","2.74","25","1.28","197","21.09"
"55.89","18.15","1.23","450.46","1.19","4.47","13","3.36","137","55.88"
"70.8","53.65","3.31","406.54","1.79","3.34","11","4.79","143","94.98"
"42.85","47.58","2.84","432.4","1.07","5.46","49","3.85","83","60.87"
"63.85","9.1","3.2","413.52","0.36","3.1","3","3.02","90","30.33"
"70.33","50.8","2.05","340.27","1.41","1.65","58","4.95","57","63.86"
"29.99","7.03","1.73","387.75","0.45","3.28","45","1.33","44","62.48"
"29.8","18.93","0.46","429.56","0.62","3.1","50","0.31","45","59.69"
"70.13","55.54","2.95","427.91","1.0","1.89","12","0.16","115","15.94"
"50.22","52.54","2.63","382.63","1.15","4.2","56","3.55","154","63.46"
"82.24","47.98","0.3","420.51","0.7","5.21","54","4.15","51","43.02"
"41.84","30.17","0.81","427.58","0.99","2.15","17","3.18","51","1.86"
"22.97","22.68","1.99","414.13","1.39","4.67","42","4.53","112","53.98"
"65.49","53.49","2.43","433.22","1.44","2.77","27","3.49","145","98.93"
"67.9","41.14","0.57","429.81","1.6","3.47","37","1.85","189","34.97"
"58.75","21.25","0.93","414.12","1.86","3.34","40","0.91","88","96.56"
"67.83","30.48","0.76","402.23","1.42","3.47","43","4.62","43","9.62"
"56.66","53.48","0.85","441.06","1.01","4.07","18","0.52","42","73.25"
"68.48","54.69","3.23","426.58","1.44","2.27","45","2.71","183","11.43"
"23.08","41.26","2.53","380.46","1.29","5.05","46","1.57","53","27.36"
"45.79","45.29","2.61","420.52","1.3","4.1","42","1.36","103","57.08"
"34.76","7.16","2.8","386.22","1.17","4.5","37","3.23","159","59.28"
"26.95","38.25","1.31","390.89","0.74","2.56","45","1.16","107","77.52"
"36.39","42.89","2.71","398.7","0.69","2.16","2","4.58","98","61.53"
"33.39","6.12","3.43","416.12","1.06","4.92","18","2.03","169","59.36"
"88.12","51.41","2.47","424.36","1.16","2.11","19","3.39","158","91.24"
"40.06","56.06","1.52","404.78","0.83","3.68","24","3.64","49","45.22"
"36.17","18.09","2.54","405.87","1.27","4.72","10","3.41","114","22.53"
"78.44","51.52","3.16","402.42","1.93","3.35","55","4.52","129","16.18"
"49.34","41.6","0.54","441.19","0.4","4.9","16","1.16","140","40.0"
"49.5","36.94","1.0","343.68","1.33","3.17","59","0.43","193","71.28"
"51.05","51.37","3.23","407.28","1.07","1.97","58","0.28","171","4.25"
"49.16","20.71","3.32","453.62","1.28","3.95","48","4.39","67","12.91"
"42.86","48.5","1.75","427.93","0.93","3.74","54","4.87","169","10.61"
"40.04","22.3","1.37","446.67","1.04","6.73","34","1.51","105","58.53"
"81.74","48.31","1.06","364.14","1.15","2.37","13","3.47","183","24.29"
"31.32","29.81","1.8","383.94","0.98","3.2","58","0.04","163","16.63"
"32.67","11.43","3.28","427.85","0.49","2.62","38","0.94","96","59.28"
"60.02","25.98","0.61","453.77","1.01","3.33","56","3.45","190","76.13"
"44.06","17.84","1.53","386.47","0.53","3.28","18","0.33","190","33.22"
"49.51","10.53","3.2","405.31","1.36","2.45","2","2.34","60","57.82"
"76.46","11.07","1.29","425.04","0.35","4.06","33","3.31","142","9.81"
"83.25","47.9","2.71","378.69","1.51","3.24","57","3.83","192","93.52"
"75.34","53.48","1.42","428.04","1.27","5.11","48","2.27","97","33.69"
"36.44","55.99","2.84","348.11","1.27","2.72","40","3.15","76","99.75"
"88.6","51.97","3.44","427.31","0.23","5.73","21","2.7","182","97.86"
"45.42","50.66","1.42","390.12","0.97","3.83","37","0.26","195","77.88"
"31.83","8.79","2.97","403.81","1.56","5.03","55","3.71","171","2.01"
"54.96","48.46","3.46","431.3","0.89","3.64","26","0.86","86","54.35"
"70.77","48.08","3.45","426.18","0.67","2.56","20","0.16","142","8.68"
"25.83","12.22","1.57","414.8","0.85","3.18","40","2.26","111","89.51"
"64.4","41.41","1.75","439.23","1.07","1.84","30","4.33","128","78.96"
"80.07","29.89","1.13","372.5","0.76","3.37","26","0.75","97","97.23"
"38.32","54.5","1.17","420.11","1.59","3.71","36","0.06","144","60.84"
"68.52","43.25","1.77","395.25","1.07","3.55","1","0.55","108","52.22"
"47.99","57.3","0.78","437.95","0.88","5.1","53","1.82","85","51.9"
"48.99","10.77","2.52","432.18","0.58","3.32","46","2.9","192","38.64"
"39.66","7.23","1.92","433.08","1.29","1.23","8","0.97","64","46.87"
"63.71","58.55","3.15","456.13","1.28","7.75","18","4.01","160","63.54"
"45.27","9.41","2.86","443.16","0.78","2.67","41","3.77","74","93.29"
"78.16","26.24","1.2","411.06","0.21","4.66","35","3.48","54","59.59"
"87.4","40.75","1.82","414.97","1.26","1.69","9","2.44","145","85.71"
"85.46","53.4","2.65","430.02","1.03","3.79","58","1.83","167","86.28"
"31.42","19.0","0.76","418.4","1.23","2.55","39","1.88","113","51.88"
"20.99","6.6","0.21","432.63","1.88","0.11","53","2.52","127","34.75"
"50.69","33.67","3.0","359.24","1.09","3.16","44","0.39","68","63.96"
"71.02","30.91","0.57","462.02","0.89","3.44","38","3.41","77","44.59"
"88.42","21.88","3.12","416.53","0.64","3.24","6","1.76","63","8.14"
"74.84","53.06","3.21","374.44","0.98","3.79","3","1.12","58","37.78"
"60.64","46.21","1.67","392.16","1.16","3.18","14","1.39","88","99.41"
"21.84","52.2","2.84","361.77","1.12","3.58","11","0.9","83","4.85"
"77.79","13.9","1.33","387.74","1.79","3.7","47","4.51","193","69.67"
"32.4","43.08","3.02","411.44","1.3","3.46","5","0.85","192","84.12"
"23.89","58.63","2.9","452.87","1.05","3.3","59","4.41","74","64.87"
"79.53","38.66","0.37","425.27","0.82","2.43","8","2.86","181","56.97"
"59.64","14.43","2.08","420.82","1.21","4.21","34","4.34","95","70.76"
"29.0","59.77","2.28","386.62","0.74","3.16","7","2.37","173","42.93"
"47.06","34.06","0.1","394.39","1.17","3.06","6","4.64","71","9.14"
"25.99","51.2","3.43","396.33","1.29","4.11","3","1.06","65","96.24"
"64.66","13.21","1.48","397.35","1.01","3.75","57","2.77","182","43.23"
"39.77","41.64","1.86","406.21","0.85","2.66","12","0.63","95","66.54"
"80.63","55.19","0.76","408.1","0.23","5.0","18","2.24","76","53.13"
"45.05","34.26","2.18","406.52","1.56","2.07","6","2.85","164","5.47"
"54.62","20.88","2.86","398.22","1.26","2.26","9","3.03","92","95.27"
"24.45","12.01","2.09","418.38","1.27","4.3","24","1.83","140","79.25"
"39.29","21.28","2.78","407.14","0.48","5.6","43","0.38","117","14.91"
"67.37","24.52","2.59","375.11","1.65","2.81","57","3.28","75","98.16"
"71.54","44.05","0.91","415.86","0.91","4.0","34","2.44","140","73.69"
"37.0","14.82","1.58","412.08","0.98","2.07","57","0.68","50","47.23"
"55.27","10.84","0.61","375.51","0.67","2.39","24","4.68","66","61.14"
"77.23","26.28","0.24","400.22","0.39","4.86","28","4.78","41","10.67"
"46.59","30.23","0.31","429.93","1.56","3.94","55","4.28","61","56.04"
"29.36","39.56","3.3","386.59","1.61","4.9","11","4.22","105","7.37"
"50.23","43.91","3.45","383.95","1.03","4.8","50","0.49","151","54.49"
"62.04","53.91","0.42","406.88","0.83","0.99","46","4.97","56","55.27"
"20.52","20.89","1.24","430.57","0.95","2.06","39","2.0","171","87.44"
"44.4","34.07","0.49","460.26","0.96","3.83","11","0.82","53","72.51"
"62.52","25.13","2.94","431.47","0.62","1.46","51","4.06","46","24.96"
"86.63","5.08","1.79","442.12","0.98","2.23","5","1.13","118","88.84"
"48.6","36.87","2.21","423.67","1.16","5.21","59","2.63","183","57.32"
"31.41","49.87","1.94","397.87","1.51","2.85","9","0.64","143","60.64"
"57.4","7.0","2.51","431.29","1.11","4.35","1","2.37","186","16.9"
"40.0","5.19","1.19","412.86","0.47","3.47","55","2.79","40","85.78"
"35.03","45.03","0.57","424.43","1.24","2.68","44","2.23","70","93.1"
"61.33","42.61","0.16","391.35","1.0","1.5","24","0.35","167","77.5"
"84.11","27.32","1.62","426.66","1.65","3.78","6","2.42","171","94.08"
"78.47","41.39","3.19","411.99","1.67","5.25","39","2.34","130","30.23"
"32.76","57.44","1.14","420.78","1.69","2.72","22","1.31","97","86.11"
"73.61","18.63","0.77","412.87","0.88","3.58","47","4.61","95","48.89"
"36.09","18.53","3.25","408.07","1.9","1.68","10","2.09","82","16.39"
"40.35","15.24","0.46","427.12","1.24","2.69","57","4.32","113","66.88"
"84.4","44.82","0.28","404.85","1.75","3.91","35","0.55","88","68.41"
"83.77","24.43","3.09","375.28","0.9","4.39","48","1.59","151","28.69"
"31.8","59.38","2.48","368.15","0.98","4.17","47","0.88","147","2.75"
"24.49","44.31","1.54","419.61","1.21","1.06","50","2.04","99","19.98"
"40.52","25.21","2.66","403.82","1.16","2.95","22","0.56","133","39.98"
"60.72","13.21","2.62","371.77","1.6","2.34","58","2.21","183","16.76"
"81.38","37.56","0.24","417.66","1.01","3.13","42","1.77","112","19.4"
"28.32","21.22","2.4","412.65","1.57","3.37","6","1.12","138","39.14"
"49.05","54.8","2.28","402.51","1.39","4.78","26","3.21","153","96.18"
"39.02","29.28","3.38","421.17","1.01","3.85","12","4.75","54","76.42"
"21.05","21.1","3.39","447.88","1.36","5.2","50","1.04","102","31.97"
"75.19","37.37","1.38","447.11","0.91","2.66","16","3.56","67","95.16"
"76.93","12.53","2.11","418.59","2.04","1.8","31","3.71","187","64.56"
"35.49","35.89","0.58","412.88","0.03","5.25","25","2.49","75","45.54"
"30.59","8.09","0.33","418.94","1.37","4.02","56","4.49","164","46.83"
"30.12","38.38","1.57","422.73","0.39","2.61","59","4.83","180","41.07"
"52.48","34.16","2.45","408.29","1.01","4.03","21","1.81","101","23.3"
"37.25","33.64","2.03","419.36","1.07","4.5","12","3.26","190","38.66"
"55.79","42.63","1.56","375.66","1.7","3.64","11","3.31","52","52.79"
"46.94","7.45","2.88","417.03","0.82","2.63","6","2.02","127","52.8"
"34.76","30.29","2.8","426.92","1.62","2.97","0","1.58","79","76.17"
"72.58","29.42","2.59","402.75","0.63","3.85","32","4.67","197","35.88"
"30.53","30.29","0.36","412.61","1.64","3.74","51","3.95","163","71.68"
"75.92","58.89","2.81","387.21","0.91","4.95","54","0.57","64","57.81"
"59.3","12.66","3.23","383.74","1.13","3.17","13","0.6","193","96.18"
"78.24","42.97","0.3","420.27","0.97","2.34","58","4.61","63","38.53"
"20.33","27.11","1.47","396.76","1.61","6.59","46","0.41","136","90.12"
"72.44","33.14","3.46","370.58","1.54","3.71","42","3.44","78","82.06"
"23.61","46.93","2.14","387.21","1.28","4.5","55","1.13","148","63.77"
"86.51","13.66","1.85","390.84","0.64","4.13","57","0.18","100","65.45"
"69.19","47.0","0.7","434.36","0.81","3.72","40","0.3","59","8.46"
"42.41","8.87","2.02","419.48","0.69","3.23","16","1.87","55","95.02"
"42.39","31.58","1.59","393.21","0.2","0.14","3","0.39","188","10.69"
"80.3","45.81","0.53","400.31","1.6","2.22","51","2.98","54","56.32"
"83.2","15.59","1.68","447.8","0.97","3.89","50","3.24","81","33.01"
"82.41","47.4","0.66","438.4","0.96","0.24","38","1.87","43","42.99"
"76.61","14.17","2.58","387.05","1.7","3.59","0","3.71","191","61.02"
"77.33","48.96","3.41","444.09","0.91","4.29","40","2.45","170","90.89"
"60.09","30.79","1.7","412.98","0.76","4.5","44","2.15","153","45.76"
"21.98","42.66","2.25","434.99","1.01","4.22","23","2.03","168","98.77"
"26.07","55.46","1.57","410.92","0.65","4.65","33","2.16","180","59.28"
"65.47","27.46","0.57","444.65","1.24","5.43","33","4.84","93","16.06"
"48.08","17.81","3.4","386.01","0.95","4.82","23","3.41","121","19.0"
"59.71","52.69","0.54","408.61","0.9","3.74","58","1.58","79","71.61"
"36.18","13.89","0.48","445.41","0.86","3.34","14","3.67","166","5.04"
"65.46","39.73","1.66","355.18","1.06","3.64","16","1.65","178","48.03"
"37.0","55.78","2.34","413.85","1.13","3.17","12","0.63","81","14.82"
"52.26","42.09","1.31","405.16","0.89","4.84","6","2.38","132","43.32"
"53.51","15.76","0.75","432.12","0.96","4.19","8","3.76","43","74.99"
"32.44","13.38","2.88","441.75","1.07","3.04","43","1.89","64","45.88"
"81.33","18.88","1.33","433.26","1.03","5.09","34","4.35","139","16.35"
"56.81","26.53","0.76","421.03","1.11","3.15","22","1.93","164","25.19"
"80.67","13.75","1.34","416.01","0.83","2.37","53","1.75","79","36.75"
"38.38","48.88","0.83","406.43","1.5","3.49","46","4.99","131","6.96"
"32.06","24.64","1.87","420.25","1.14","2.51","38","2.41","175","58.43"
"21.26","56.48","2.37","451.49","0.9","4.62","22","4.03","124","60.75"
"26.57","51.34","2.82","394.24","1.24","2.49","25","4.02","74","6.22"
"30.32","54.99","0.87","404.95","1.07","3.36","0","4.63","185","40.23"
"25.52","21.2","0.67","413.11","0.41","4.63","13","0.42","86","41.4"
"82.78","36.56","0.17","440.02","1.24","2.65","31","1.36","192","33.38"
"83.8","22.68","0.88","420.58","0.69","3.99","50","3.84","44","55.77"
"85.62","19.13","0.18","439.59","1.47","2.33","47","2.81","164","34.6"
"87.19","38.39","1.27","440.85","1.0","3.79","9","2.8","150","41.64"
"54.43","49.99","0.6","429.8","1.41","4.18","0","0.83","111","79.75"
"57.1","10.15","2.07","388.4","0.85","3.45","4","1.41","126","16.21"
"29.16","20.17","1.4","456.53","1.13","3.54","2","2.61","42","61.91"
"29.59","16.28","0.42","450.31","1.58","4.03","48","1.39","132","50.56"
"74.09","48.91","1.46","416.59","0.99","3.16","49","1.05","80","30.51"
"79.9","56.34","0.81","380.46","0.86","4.57","57","0.44","187","72.75"
"74.93","9.4","2.41","375.99","1.36","5.15","52","0.78","126","55.12"
"78.42","25.86","1.34","421.36","1.35","2.39","26","3.84","124","47.74"
"39.36","55.3","0.6","397.46","0.88","5.62","50","3.59","175","66.77"
"52.62","23.96","1.29","372.07","0.31","3.14","53","0.23","172","80.23"
"52.14","44.2","0.86","375.52","0.86","5.89","56","1.02","64","97.27"
"89.67","10.54","2.81","403.25","1.37","3.15","21","2.8","78","62.94"
"86.44","29.44","3.44","419.87","0.79","4.35","17","1.61","164","87.44"
"61.89","32.68","0.19","450.14","1.1","4.34","15","4.12","144","0.11"
"29.66","46.67","2.45","427.11","0.84","3.04","1","3.92","44","53.02"
"38.1","20.89","1.0","405.46","0.33","3.59","46","4.46","175","21.46"
"45.46","19.53","0.33","424.5","0.83","5.23","12","2.81","43","9.42"
"81.12","21.66","0.15","422.26","1.37","3.11","44","1.76","99","53.2"
"31.94","35.56","3.1","433.49","0.15","3.0","15","3.03","93","74.68"
"35.38","53.18","1.3","414.0","1.2","2.12","7","0.45","189","41.23"
"44.46","50.7","3.48","440.9","0.63","5.38","42","0.05","117","67.01"
"84.88","8.19","1.6","435.61","1.34","2.92","7","0.09","58","48.97"
"55.27","53.34","0.74","417.07","1.39","4.94","53","2.04","138","43.71"
"65.28","10.23","2.74","412.02","1.03","2.78","9","1.14","107","29.03"
"47.11","27.84","3.25","437.99","1.03","4.9","54","0.79","72","38.26"
"33.2","47.1","2.87","397.16","0.78","4.47","32","3.08","189","34.98"
"35.6","9.48","2.63","377.33","0.56","3.23","30","4.98","178","64.62"
"76.19","7.22","1.24","377.19","1.78","2.62","11","0.89","55","11.6"
"82.54","23.15","0.32","395.09","0.75","2.72","8","2.73","166","9.26"
"54.52","45.15","0.78","431.49","1.73","2.7","36","0.6","132","66.0"
"44.99","33.7","1.62","404.43","0.76","4.78","8","4.67","83","54.63"
"76.55","27.94","3.35","420.11","1.31","3.69","47","1.46","48","43.02"
"67.12","49.72","2.56","402.62","0.64","2.16","17","4.39","117","15.24"
"22.86","47.17","2.92","402.82","1.31","3.2","29","1.42","118","41.1"
"44.55","48.23","1.04","389.36","0.97","3.34","31","4.03","125","78.97"
"67.75","30.28","2.42","412.7","0.97","0.93","39","1.05","54","88.96"
"60.16","6.07","3.03","410.62","1.34","3.26","22","1.46","45","70.26"
"88.46","14.47","1.73","425.32","0.91","4.37","10","0.96","40","5.99"
"80.63","45.77","1.56","422.19","0.53","3.33","19","1.32","59","67.04"
"24.18","46.42","2.55","410.07","1.4","3.81","18","4.17","169","24.1"
"70.8","58.48","2.0","377.35","0.64","4.08","35","3.2","109","31.53"
"43.54","15.46","3.48","441.76","1.31","3.09","51","2.03","41","19.59"
"67.75","11.76","1.55","412.87","1.49","4.38","25","4.86","170","77.58"
"63.21","12.63","0.7","416.99","0.95","5.25","9","2.32","46","64.86"
"55.21","15.16","1.7","455.01","1.57","1.67","23","4.85","123","61.18"
"79.71","34.07","0.9","437.71","1.29","3.09","12","0.98","93","66.8"
"69.61","58.64","2.01","426.16","0.82","6.3","51","4.52","80","23.68"
"82.27","37.42","0.53","414.94","1.66","3.7","45","0.07","154","44.46"
"39.71","33.75","3.33","414.71","0.64","3.46","52","2.73","172","63.33"
"44.37","42.03","3.02","421.0","0.95","3.19","33","2.12","141","63.66"
"63.54","9.07","0.63","425.17","1.02","5.03","28","2.63","121","79.19"
"87.65","49.84","0.69","457.79","1.34","2.37","35","2.77","102","28.71"
"46.01","40.58","1.84","476.83","1.55","4.61","6","1.95","40","77.03"
"22.26","14.42","2.73","422.26","1.52","3.17","50","4.99","64","44.02"
"51.21","39.69","0.84","361.17","1.19","2.6","29","4.88","182","67.02"
"58.08","37.79","0.31","391.21","0.99","3.22","16","4.81","184","45.57"
"76.07","8.57","1.95","460.29","0.37","3.44","47","4.9","188","94.86"
"71.0","19.68","2.45","432.97","0.57","2.9","12","3.97","94","17.93"
"87.53","26.5","0.93","425.65","1.81","4.84","55","4.94","146","67.5"
"74.79","18.47","2.62","410.83","0.37","2.61","23","4.46","177","57.65"
"40.9","18.37","3.33","385.27","0.79","3.67","53","2.08","104","17.27"
"64.9","36.51","0.57","456.94","1.56","4.14","54","3.92","76","6.6"
"67.06","30.9","1.84","394.42","1.18","3.66","30","4.56","151","79.91"
"89.86","41.7","0.29","433.23","1.47","4.43","57","3.56","46","15.75"
"29.71","57.6","0.8","382.48","1.32","2.98","26","2.11","115","18.65"
"33.39","41.33","0.41","409.62","1.69","4.25","49","0.33","79","97.84"
"30.89","37.02","1.47","439.82","1.22","4.28","20","4.05","40","71.73"
"61.23","51.62","2.89","408.76","1.37","4.66","43","4.76","187","25.05"
"29.47","39.76","2.06","405.79","0.81","1.24","54","1.81","147","59.09"
"65.92","14.11","0.86","415.27","1.33","4.11","56","0.76","198","53.41"
"76.26","22.31","0.24","381.6","0.94","4.58","0","1.63","107","84.45"
"50.3","45.33","1.98","376.9","0.92","3.01","14","2.91","51","72.93"
"59.25","45.61","0.55","432.86","1.46","2.84","2","1.58","189","83.17"
"83.89","59.29","1.27","404.44","1.46","2.66","5","3.05","168","21.15"
"59.87","39.48","1.83","432.66","1.78","2.26","13","4.83","165","64.02"
"34.6","54.47","3.17","442.95","1.75","4.3","54","3.35","40","4.02"
"44.02","8.0","0.38","444.97","1.47","6.24","37","1.81","170","6.89"
"57.09","36.14","2.37","374.47","0.41","2.83","32","4.68","156","71.35"
"30.84","55.59","0.15","397.55","1.83","2.94","51","2.83","188","2.44"
"62.88","20.8","2.24","428.44","1.47","3.52","37","0.64","52","57.98"
"89.95","13.52","1.98","428.83","0.79","1.58","7","2.49","180","84.04"
"65.68","24.28","2.86","471.24","1.39","2.67","25","3.27","144","37.99"
"46.07","48.57","1.91","392.31","0.69","3.43","14","4.19","173","4.48"
"43.22","9.66","1.3","444.2","1.35","2.43","13","4.68","64","71.38"
"85.21","38.02","0.93","424.31","0.57","4.94","47","1.59","190","92.97"
"81.01","12.46","0.39","373.99","0.78","1.95","19","0.78","127","71.72"
"53.07","28.95","1.92","401.3","1.38","4.58","54","0.37","140","57.84"
"44.74","58.13","3.12","421.56","1.53","5.26","47","3.69","65","23.0"
"69.73","15.73","1.85","372.39","1.23","3.96","58","3.98","171","1.54"
"42.02","6.87","2.61","363.15","0.99","3.34","18","2.05","141","69.47"
"28.36","28.5","1.11","370.97","0.25","3.8","55","1.98","139","23.1"
"41.71","36.77","1.62","421.48","1.02","2.97","32","4.77","64","85.82"
"50.4","21.36","1.2","402.88","1.31","1.06","35","4.58","187","46.64"
"37.88","34.8","0.47","399.5","0.97","2.32","23","1.17","40","53.06"
"35.18","57.44","1.52","400.36","1.09","3.49","9","3.9","133","75.39"
"20.43","22.15","2.7","379.4","1.03","2.37","51","3.11","107","77.94"
"64.16","22.02","1.44","403.59","0.97","3.0","49","0.77","62","64.27"
"63.01","31.55","2.31","369.49","1.13","4.08","33","1.78","145","93.84"
"33.16","33.34","2.68","444.69","0.99","3.67","35","0.89","189","98.23"
"86.06","5.08","1.2","457.31","1.68","4.77","46","1.48","134","94.69"
"48.67","38.87","2.81","356.85","0.22","3.85","35","3.08","101","82.42"
"21.78","59.85","1.25","403.27","0.88","3.92","15","1.88","168","70.56"
"35.38","21.06","0.97","404.9","0.75","2.65","14","1.97","107","66.33"
"68.44","39.69","0.86","410.64","1.19","1.9","17","2.7","186","10.38"
"34.11","5.25","0.78","440.04","1.13","3.0","6","0.44","69","27.15"
"23.77","38.24","2.61","403.34","1.75","2.63","46","3.69","168","0.57"
"63.24","29.59","3.12","412.79","1.88","3.3","21","2.01","87","13.74"
"56.28","34.17","0.88","489.48","0.79","2.22","31","2.4","58","43.92"
"73.29","34.91","0.39","412.22","1.1","4.51","42","4.87","166","14.65"
"74.08","14.73","1.17","459.16","1.18","2.62","18","1.72","189","90.17"
"87.2","47.35","2.34","427.55","0.78","3.06","39","3.24","89","80.57"
"23.99","35.55","1.35","401.16","1.35","3.48","55","1.96","173","7.16"
"22.73","19.86","1.97","396.98","1.0","4.85","0","4.47","188","24.89"
"89.1","56.56","2.63","414.82","0.67","5.61","34","4.23","186","81.91"
"65.14","5.7","1.49","386.84","0.99","5.69","4","1.21","102","80.3"
"70.08","44.93","3.5","393.4","0.7","1.96","49","3.46","196","94.55"
"26.75","25.97","1.11","404.42","1.51","3.05","11","0.33","168","99.75"
"24.89","33.74","3.43","422.33","1.86","2.82","11","4.82","87","97.63"
"31.22","21.03","0.79","460.65","1.2","3.94","20","1.74","128","41.01"
"49.9","22.67","0.48","402.88","1.14","3.87","58","4.16","166","25.03"
"27.71","5.83","2.65","426.54","1.16","2.8","57","1.59","188","75.84"
"51.24","45.14","2.49","374.3","1.57","2.71","18","3.16","193","29.93"
"59.31","44.09","2.86","441.51","1.56","2.3","8","4.92","75","80.64"
"20.02","40.99","1.27","371.96","1.05","0.32","42","4.38","190","53.4"
"28.0","53.29","3.26","434.96","1.2","1.94","48","0.8","120","79.39"
"46.26","54.57","0.51","412.98","1.36","4.54","47","2.74","86","27.59"
"23.73","35.6","0.2","411.98","0.64","5.26","35","1.74","187","50.8"
"29.35","42.67","1.12","407.49","1.59","5.12","41","2.17","66","56.4"
"36.23","5.6","2.81","382.47","1.79","4.59","53","1.68","91","94.31"
"50.07","51.55","2.39","383.79","1.57","2.29","46","1.68","114","26.66"
"70.04","49.9","1.58","435.91","0.6","2.08","56","2.71","131","93.67"
"29.29","6.11","0.97","415.3","0.31","1.33","50","0.96","101","80.49"
"71.66","34.86","0.3","407.31","1.38","2.8","31","2.69","105","73.09"
"79.85","54.87","1.25","426.08","0.8","3.6","34","1.39","191","78.69"
"65.6","14.98","1.66","417.53","1.21","2.29","30","1.44","119","60.54"
"23.06","24.4","2.44","395.18","1.71","4.02","59","3.69","179","24.41"
"50.85","23.21","2.3","476.52","0.84","4.28","52","0.15","183","18.95"
"66.2","24.58","3.32","433.52","0.95","2.93","54","1.9","169","86.63"
"88.5","7.3","0.44","418.18","1.21","1.89","31","2.04","103","72.51"
"86.63","20.35","1.24","402.16","0.58","5.16","36","2.43","68","21.32"
"47.7","21.22","1.74","438.82","0.8","3.54","31","3.35","126","61.51"
"63.12","52.62","2.38","395.31","1.11","5.83","42","1.85","135","44.75"
"82.36","24.37","1.78","393.21","0.98","3.61","55","1.07","70","15.87"
"78.17","29.6","3.2","457.33","1.34","3.69","36","4.42","122","53.19"
"53.56","25.94","2.17","415.77","2.21","2.34","38","4.91","182","28.15"
"38.29","11.64","0.23","395.92","1.14","2.99","37","0.1","72","9.62"
"29.6","59.47","0.49","415.14","0.76","1.63","29","2.73","139","46.7"
"54.16","50.42","2.66","436.25","1.67","1.89","57","1.71","187","59.01"
"70.6","34.75","2.53","430.53","0.46","4.39","31","1.38","112","4.69"
"87.88","31.2","0.62","439.36","0.54","3.16","44","1.68","170","40.21"
"80.33","40.71","0.3","383.76","0.86","2.99","1","3.19","57","25.77"
"34.3","22.95","2.07","438.73","0.99","2.61","50","0.95","165","3.07"
"70.38","7.77","2.26","410.52","0.85","3.04","10","4.56","46","12.57"
"40.24","27.24","0.56","417.23","1.09","4.86","58","2.33","163","13.9"
"67.84","59.12","1.71","445.24","1.21","3.67","19","1.63","153","18.29"
"66.61","15.03","1.14","432.57","1.53","2.08","36","3.83","123","80.34"
"39.07","34.02","3.27","423.78","1.14","4.74","8","0.08","123","43.95"
"36.41","5.47","0.85","365.4","0.88","5.57","37","2.16","122","14.71"
"27.28","11.71","2.59","413.86","1.51","4.09","48","1.78","144","10.03"
"23.54","37.3","1.86","395.38","0.77","4.57","18","1.69","141","29.79"
"80.09","21.36","0.14","432.78","0.45","4.96","54","1.69","132","79.8"
"23.49","54.81","1.86","439.77","1.58","1.51","39","0.16","99","36.45"
"26.21","27.34","0.44","407.45","1.56","5.74","6","0.76","141","15.99"
"36.72","16.44","2.34","398.32","0.78","4.82","4","0.71","63","40.41"
"82.14","35.01","2.02","453.91","0.94","4.09","46","4.94","148","55.53"
"43.31","48.72","0.14","399.92","0.73","3.35","41","0.11","179","2.96"
"33.43","6.07","0.8","385.14","1.23","1.9","23","0.84","133","62.76"
"70.09","32.8","2.74","394.18","1.79","3.1","47","4.87","103","39.51"
"42.33","47.54","1.04","401.13","1.38","4.04","40","3.14","43","0.97"
"43.34","10.7","1.8","393.47","1.51","2.17","6","2.25","133","67.39"
"71.73","54.65","1.16","436.13","1.43","3.42","10","0.39","172","71.24"
"37.62","19.55","3.23","360.05","1.1","2.08","8","3.35","55","62.88"
"82.77","14.38","1.92","392.94","1.53","3.04","48","0.69","66","34.19"
"59.3","37.41","2.47","413.81","1.4","1.88","29","3.36","171","52.96"
"57.65","14.63","0.38","420.26","1.68","1.75","40","4.9","111","38.72"
"38.53","42.38","0.24","457.3","0.92","3.91","2","2.66","87","70.06"
"78.46","31.96","0.98","453.63","0.4","2.8","21","1.07","175","58.36"
"60.09","11.05","1.15","374.98","1.52","2.92","39","3.13","120","8.18"
"30.89","55.19","2.44","367.3","1.24","2.74","50","2.56","83","64.31"
"34.44","42.03","2.04","415.62","0.98","6.77","19","2.67","91","68.72"
"52.78","35.03","1.37","398.17","1.0","4.23","31","2.39","73","37.07"
"74.57","25.59","2.32","385.2","2.12","4.36","47","3.37","60","87.58"
"85.75","12.42","0.66","415.4","0.84","2.57","6","2.86","63","84.3"
"66.44","43.91","0.32","420.77","0.76","4.11","59","4.93","83","17.52"
"55.43","49.75","3.01","394.03","1.13","3.23","6","4.13","153","90.43"
"37.55","11.92","2.02","399.4","1.57","2.56","19","1.32","196","44.09"
"67.1","32.2","2.31","395.95","2.01","5.81","24","3.63","142","72.37"
"88.76","31.67","1.14","404.71","1.36","4.19","44","1.07","173","81.41"
"53.34","24.25","1.36","428.54","0.59","4.13","34","3.91","95","50.51"
"31.35","48.41","0.38","388.05","1.89","2.33","43","0.74","53","39.91"
"27.23","10.47","3.01","398.98","1.09","1.98","23","2.37","140","91.55"
"38.85","16.28","2.11","405.02","0.76","3.43","39","3.95","40","23.09"
"59.86","5.09","0.38","414.83","0.67","2.81","12","1.4","51","25.7"
"86.28","25.51","2.84","421.9","1.43","4.24","51","4.19","154","36.16"
"40.94","21.01","1.61","466.06","1.2","4.32","47","3.22","145","85.95"
"41.38","52.68","2.7","429.3","1.24","3.58","38","1.99","191","93.88"
"53.68","46.02","0.14","429.9","1.61","4.49","3","2.12","76","22.01"
"84.3","9.65","0.2","408.33","0.78","3.73","11","4.63","42","86.39"
"49.33","45.75","0.68","390.5","1.65","2.45","16","1.09","194","25.82"
"35.63","42.15","0.82","401.79","0.89","3.26","0","3.47","92","97.06"
"31.42","20.49","2.7","397.24","1.97","3.66","16","3.54","139","59.74"
"51.99","5.85","2.5","424.81","1.34","4.61","1","4.61","56","0.71"
"76.05","11.33","2.19","373.72","0.73","3.77","5","3.57","152","3.41"
"40.39","18.75","3.11","429.81","0.29","2.81","43","2.92","149","14.75"
"55.88","49.91","0.94","412.07","1.42","4.66","57","4.51","182","18.76"
"62.21","30.59","3.17","433.33","0.95","3.96","10","4.15","43","76.76"
"51.53","55.51","3.19","396.9","1.04","5.35","52","3.58","184","22.28"
"33.42","48.4","1.58","392.47","1.41","3.6","42","0.16","178","96.91"
"84.52","20.79","0.42","404.83","1.5","2.26","17","1.87","51","63.61"
"59.58","51.49","2.57","404.23","1.59","4.91","39","3.16","71","69.25"
"71.04","11.42","1.25","435.16","0.63","2.81","24","2.61","194","21.78"
"64.52","6.99","2.8","434.92","1.67","3.85","38","1.6","82","89.27"
"89.86","38.47","0.66","462.63","0.87","3.72","27","0.72","143","66.78"
"51.94","23.8","1.93","402.61","0.2","3.55","45","2.76","132","86.44"
"49.75","23.12","1.83","331.31","0.63","3.3","15","1.43","82","95.65"
"45.21","42.8","0.44","404.76","1.19","1.52","11","1.17","170","12.56"
"45.31","51.76","1.34","420.77","0.71","2.3","40","1.99","196","9.66"
"39.3","22.72","0.39","432.86","1.06","4.85","51","3.93","124","80.34"
"88.64","22.88","1.68","422.59","1.24","4.01","28","2.44","74","86.61"
"80.95","34.36","2.97","402.59","1.03","5.79","22","1.08","156","58.38"
"42.17","40.93","1.02","457.85","0.9","2.25","20","0.58","191","36.6"
"41.37","16.16","2.7","389.16","0.6","3.46","15","2.49","59","65.26"
"27.25","55.2","0.72","408.13","1.11","4.9","52","3.97","182","30.57"
"81.39","40.99","2.39","388.0","0.27","2.82","50","3.26","124","23.84"
"46.02","39.38","3.21","415.49","0.83","2.92","47","1.16","156","48.81"
"60.08","54.73","1.2","454.73","0.73","3.15","40","2.18","145","21.62"
"83.03","54.9","3.16","411.48","1.0","2.97","44","4.28","185","48.37"
"48.57","12.46","1.82","411.63","1.01","4.14","25","0.89","144","95.66"
"76.48","12.98","1.18","372.6","1.48","1.36","36","2.66","132","83.98"
"50.12","46.91","3.15","407.83","1.73","5.47","21","1.78","80","94.16"
"69.07","57.63","0.21","443.76","0.65","2.35","50","0.62","139","80.63"
"50.18","41.66","0.2","408.74","1.9","0.96","9","0.25","108","35.48"
"47.49","27.62","2.14","407.06","0.79","3.49","6","2.78","145","81.2"
"89.35","42.59","2.81","442.64","1.17","3.05","8","0.1","178","92.29"
"62.86","17.58","2.66","407.16","1.3","3.29","24","0.52","185","94.7"
"45.72","59.89","0.37","447.3","2.08","3.88","45","1.74","179","68.32"
"38.05","28.71","3.33","382.88","0.88","4.27","14","0.22","183","21.14"
"22.78","56.24","2.49","431.95","0.38","5.52","12","2.0","66","3.97"
"69.46","28.69","3.33","456.16","1.7","2.67","41","0.65","139","14.72"
"46.05","56.05","1.22","440.2","0.77","4.43","45","1.75","184","96.55"
"77.49","23.46","2.46","368.32","0.96","4.35","25","3.96","124","46.21"
"45.47","46.83","3.02","399.04","0.65","0.33","20","3.13","158","85.5"
"46.13","57.31","1.39","408.95","0.96","2.5","22","2.23","70","46.5"
"74.54","40.53","3.38","440.25","0.76","1.96","43","0.46","148","66.08"
"54.26","42.27","1.0","381.71","1.37","4.04","27","3.1","66","2.41"
"81.94","10.66","1.17","389.53","1.13","3.91","50","0.82","126","24.99"
"61.31","31.08","3.23","374.87","0.83","3.93","37","0.38","199","43.63"
"36.85","53.77","3.4","394.35","1.5","3.13","11","3.32","56","63.06"
"59.78","18.25","1.07","383.71","1.2","3.25","23","4.56","50","17.15"
"20.28","48.36","0.56","454.95","0.36","3.47","12","2.3","168","76.46"
"41.87","42.16","2.68","398.82","1.47","3.02","39","0.2","121","36.44"
"34.56","17.26","3.26","432.27","1.17","4.43","47","4.4","88","81.74"
"65.79","20.55","2.14","415.45","1.66","2.22","1","0.33","80","9.8"
"29.52","28.52","2.26","415.1","1.15","2.56","53","4.34","59","67.98"
"40.31","11.88","2.69","400.21","0.78","3.65","38","1.96","110","29.33"
"43.19","55.24","0.62","434.25","1.02","3.06","11","1.83","76","79.54"
"20.23","45.66","3.41","418.86","1.42","2.17","38","2.71","165","40.22"
"23.27","25.07","1.34","417.42","0.79","4.14","50","4.79","183","66.53"
"41.78","21.48","2.24","400.16","0.92","2.81","13","4.49","78","93.43"
"35.56","42.93","1.69","404.26","1.01","2.49","29","2.35","148","2.06"
"28.18","28.33","1.69","429.72","0.64","3.29","40","3.48","103","1.11"
"30.79","17.61","2.49","420.75","0.8","2.43","49","2.9","62","77.03"
"78.49","28.66","3.48","418.09","1.17","3.46","42","3.47","71","64.64"
"67.83","52.92","2.34","396.15","1.58","3.07","47","4.15","162","29.3"
"53.89","8.77","2.8","463.6","1.23","2.88","18","0.17","58","49.44"
"83.62","25.26","0.19","403.01","1.08","2.89","30","1.63","145","4.19"
"22.07","57.93","2.86","414.24","0.77","4.69","42","4.8","106","19.24"
"44.15","5.82","1.12","410.32","1.54","3.94","49","4.75","128","42.45"
"77.64","53.99","0.53","463.87","1.27","1.45","42","0.06","99","83.4"
"63.98","25.62","0.49","407.73","0.82","4.56","24","1.01","50","47.97"
"88.72","15.42","2.41","405.44","1.46","4.12","3","4.97","88","58.64"
"86.12","5.82","3.49","417.96","1.32","4.05","49","2.46","182","87.38"
"31.9","8.88","2.37","397.66","0.77","4.57","50","2.86","167","30.88"
"88.04","14.45","0.99","417.79","1.06","3.52","12","0.83","100","70.07"
"86.19","6.4","0.79","474.29","0.9","4.24","35","4.47","182","86.17"
"46.15","23.47","1.89","422.49","2.15","2.94","41","1.16","44","20.26"
"88.8","7.47","0.32","421.58","1.31","4.52","53","0.95","68","35.65"
"22.51","43.07","1.46","397.05","1.17","3.76","36","1.14","108","97.98"
"66.25","50.04","2.37","457.73","1.29","1.85","2","4.6","189","98.32"
"38.63","53.81","3.39","463.48","1.65","4.74","15","3.51","52","22.32"
"29.06","35.2","1.55","436.32","1.07","3.35","25","3.84","155","6.64"
"60.43","57.06","0.78","431.35","0.86","3.18","39","1.89","149","27.09"
"41.44","5.31","2.88","409.13","1.44","2.97","55","4.55","196","39.77"
"66.68","12.37","2.63","424.78","1.03","3.06","38","3.95","119","44.1"
"57.8","21.12","3.02","394.12","0.67","3.78","18","3.75","139","61.88"
"47.48","48.4","0.83","386.85","0.59","2.31","45","4.85","56","89.95"
"32.73","53.7","1.48","377.82","1.71","1.62","14","1.83","187","33.03"
"62.09","39.0","3.44","425.27","1.15","2.22","31","3.05","153","85.0"
"78.05","26.08","0.64","380.54","0.86","3.96","48","4.55","45","9.35"
"62.0","41.62","2.38","402.51","1.01","3.31","20","3.95","61","4.19"
"62.74","14.95","0.91","413.47","1.42","4.84","0","2.82","176","50.4"
"55.83","30.18","1.8","439.88","0.98","3.42","5","0.38","199","5.97"
"47.18","32.91","2.82","400.54","0.52","4.51","26","3.26","127","39.25"
"52.02","10.77","1.76","442.83","1.23","2.67","22","2.63","72","89.68"
"89.27","6.86","2.84","438.48","1.58","2.98","46","0.92","109","24.15"
"72.48","46.26","1.55","388.22","1.56","3.51","30","4.41","88","70.6"
"50.14","34.41","3.5","443.07","0.88","3.32","11","1.72","143","30.24"
"52.01","23.27","1.58","407.91","1.61","3.21","20","1.94","197","4.49"
"54.97","29.05","0.61","402.53","1.19","2.45","51","3.36","141","55.67"
"66.15","57.67","1.47","408.02","1.6","1.6","1","2.44","183","83.49"
"52.62","26.17","2.62","414.91","1.33","4.26","4","0.45","145","40.95"
"68.03","10.69","2.98","404.62","0.49","4.12","8","1.94","121","61.73"
"43.04","30.5","1.66","394.01","1.8","2.76","19","0.47","125","90.0"
"48.74","40.64","2.12","396.22","1.12","3.95","45","0.95","53","78.97"
"80.48","5.67","2.97","418.47","1.33","3.3","17","0.04","88","19.39"
"43.02","23.28","2.87","410.99","0.56","4.83","21","0.91","89","73.34"
"87.51","26.64","2.34","428.18","1.3","1.93","7","1.65","62","50.19"
"32.08","30.5","2.87","416.31","1.54","3.35","33","2.69","105","74.6"
"36.92","21.59","2.06","416.93","1.87","3.25","8","4.6","154","49.45"
"52.46","41.68","0.12","429.82","1.66","3.69","6","2.7","67","12.8"
"75.82","56.96","0.24","450.47","1.32","5.34","29","3.53","59","56.99"
"71.21","55.27","3.43","451.48","0.48","3.35","17","1.79","160","49.21"
"32.21","41.54","0.59","448.51","1.15","4.39","26","3.76","136","51.79"
"36.57","32.88","1.48","436.76","0.86","3.32","15","3.1","158","87.89"
"60.27","50.42","3.27","467.14","1.19","4.79","20","2.3","148","89.48"
"40.66","50.98","0.76","425.95","0.61","4.4","4","0.97","65","45.35"
"49.56","50.63","2.97","423.14","1.02","3.1","54","1.52","186","45.57"
"54.06","13.68","2.88","471.1","0.89","3.01","28","3.1","145","51.52"
"61.6","6.4","3.45","346.85","0.88","4.08","46","2.13","180","51.96"
"37.57","59.08","1.06","409.65","0.88","2.71","36","4.45","101","95.04"
"31.42","57.78","1.17","446.31","1.05","3.73","42","1.17","165","64.94"
"47.9","36.04","3.17","439.51","1.21","3.07","21","0.37","181","27.75"
"25.74","59.62","0.9","479.14","0.1","3.94","13","2.95","178","53.15"
"56.87","47.38","1.96","417.69","0.15","3.31","56","4.43","106","62.72"
"78.77","33.46","2.5","404.23","0.96","2.67","18","1.82","51","63.98"
"28.33","26.41","1.02","406.7","1.02","4.83","34","3.24","74","58.53"
"27.89","37.61","3.29","422.95","1.18","3.79","23","1.16","149","17.77"
"25.62","33.37","2.36","455.54","0.81","3.44","41","2.79","199","3.36"
"79.35","59.66","0.26","455.85","1.1","4.0","59","3.93","53","33.78"
"25.65","31.98","0.56","413.6","1.15","1.49","5","4.34","194","42.75"
"88.84","50.98","0.75","421.33","0.81","6.01","59","0.53","140","6.18"
"45.08","49.75","0.93","399.71","1.51","3.53","57","1.78","99","81.5"
"43.01","8.93","2.58","402.32","1.17","1.14","2","3.2","82","34.41"
"26.41","9.79","0.4","441.16","1.32","4.94","33","0.17","94","91.36"
"60.99","41.29","1.29","455.06","1.13","2.6","44","3.45","148","15.44"
"61.01","19.25","3.2","397.57","1.94","4.75","49","2.64","132","5.69"
"54.57","41.16","1.99","421.07","1.34","3.65","1","1.44","134","48.23"
"41.77","12.95","1.0","408.92","0.9","1.62","14","4.07","199","18.91"
"45.8","26.84","3.35","436.6","1.43","3.81","36","1.45","186","93.74"
"42.44","10.64","0.93","405.29","0.44","3.73","14","4.96","134","1.03"
"49.83","20.52","3.18","366.84","1.15","4.88","59","4.08","187","41.26"
"43.93","9.86","2.57","440.09","1.23","4.13","31","3.54","67","92.67"
"67.29","58.38","2.62","407.41","1.15","2.01","20","0.31","42","38.44"
"40.71","26.73","2.7","410.01","0.97","4.7","16","4.52","199","9.31"
"44.56","54.57","1.82","425.89","0.7","3.0","33","3.95","125","30.29"
"50.48","58.41","2.87","423.82","0.78","5.56","31","1.15","147","49.8"
"20.28","55.03","2.94","426.4","1.14","3.07","49","1.96","156","18.52"
"54.45","30.02","1.33","374.26","0.65","3.25","46","1.34","147","46.66"
"37.91","47.84","1.46","428.91","1.81","2.51","51","4.92","54","83.63"
"23.93","13.45","3.12","367.27","0.04","2.9","22","4.27","101","87.26"
"83.77","10.22","1.88","434.24","0.97","2.58","34","4.65","70","4.93"
"42.57","53.23","3.05","442.96","1.14","4.91","36","3.94","65","16.09"
"49.83","6.71","2.23","380.79","1.3","1.9","42","2.28","187","27.53"
"77.91","58.48","2.12","423.21","0.73","4.47","40","1.03","105","59.49"
"31.68","41.97","0.21","441.43","1.55","4.49","36","1.04","188","36.1"
"79.52","28.08","1.04","403.77","0.54","5.15","56","0.76","154","84.4"
"36.91","12.78","1.81","431.84","0.87","3.55","32","2.73","99","71.67"
"61.23","44.78","2.1","345.36","1.35","2.27","24","4.6","102","10.05"
"68.0","35.97","2.24","442.45","1.52","3.29","45","4.96","140","62.46"
"83.35","44.11","2.54","415.75","0.54","4.21","36","1.44","139","11.3"
"62.53","27.99","2.33","408.55","2.16","3.6","39","3.49","178","25.5"
"51.73","8.64","2.99","439.6","0.74","3.94","20","2.99","158","17.79"
"60.06","22.32","1.1","458.23","0.58","5.14","45","2.44","96","17.31"
"34.15","22.33","2.28","427.14","1.3","4.2","59","3.33","170","61.64"
"68.24","5.48","0.27","455.22","0.96","3.74","47","1.86","76","56.36"
"33.08","5.53","1.73","376.17","0.9","1.29","37","4.72","150","17.6"
"59.01","23.19","1.01","431.65","1.34","2.56","39","3.53","192","99.02"
"65.33","45.02","1.4","411.7","0.49","3.01","33","3.77","188","42.18"
"82.9","39.32","1.31","395.29","0.42","1.13","18","1.21","151","9.71"
"51.51","18.15","0.31","366.78","0.86","2.17","26","0.84","40","12.06"
"74.27","38.15","1.69","430.29","1.53","3.18","8","1.97","62","58.39"
"31.73","40.61","3.48","436.88","0.88","3.37","4","3.83","146","97.91"
"30.93","33.74","1.12","448.55","1.74","4.11","4","4.69","152","57.2"
"56.74","33.67","2.6","444.41","1.58","3.25","24","2.14","191","94.9"
"61.74","25.34","1.96","395.71","1.21","3.8","25","3.87","128","44.41"
"64.26","11.79","1.21","447.27","1.24","3.0","18","2.35","174","43.58"
"72.2","26.2","0.4","449.91","1.21","3.55","29","1.48","77","50.0"
"40.65","23.99","0.83","408.5","1.16","4.04","35","3.7","86","69.74"
"63.58","37.56","2.76","415.71","0.95","5.27","47","3.99","142","36.76"
"33.17","52.09","1.05","391.65","1.0","2.88","47","1.01","101","86.39"
"35.33","25.65","0.59","452.02","0.67","3.67","15","1.53","112","2.93"
"24.71","44.04","1.23","377.21","0.22","4.54","6","2.47","42","43.98"
"72.29","49.65","2.09","428.37","1.54","1.77","17","0.93","141","51.1"
"55.49","16.65","2.49","400.08","1.16","5.9","55","4.64","187","60.7"
"36.67","54.59","1.42","387.3","1.1","4.91","20","2.96","144","27.61"
"58.94","8.87","1.79","368.13","1.26","1.45","30","0.61","83","42.75"
"44.8","54.59","1.65","409.61","0.77","3.95","0","0.92","199","48.45"
"78.6","14.0","0.13","383.39","0.7","2.82","2","4.77","139","68.69"
"56.97","23.54","1.45","416.41","0.99","3.02","30","3.69","65","77.35"
"22.09","38.29","2.1","459.23","1.65","3.92","24","3.67","87","73.78"
"88.96","54.81","2.04","419.99","0.63","4.76","52","0.36","44","34.16"
"25.2","19.06","2.65","464.93","0.05","2.94","7","4.48","98","99.95"
"68.72","47.0","2.38","390.44","0.89","2.96","0","2.22","100","84.87"
"50.61","44.07","1.04","382.98","1.56","3.95","6","3.3","88","26.0"
"37.45","13.78","0.97","389.32","0.41","4.19","6","4.8","197","19.51"
"67.35","31.37","1.68","413.37","0.63","2.29","7","0.5","184","31.4"
"28.81","31.48","2.59","483.07","1.21","5.57","18","2.41","109","45.23"
"80.08","21.75","0.42","373.45","2.13","2.73","16","0.25","54","85.08"
"37.54","47.9","3.32","430.49","0.56","4.66","10","2.5","40","77.84"
"45.3","55.93","1.95","397.5","0.54","4.04","46","1.26","180","85.12"
"64.29","44.41","1.14","409.4","1.24","4.23","40","4.56","167","27.2"
"20.07","58.51","2.46","383.55","1.58","2.75","48","1.99","164","59.35"
"53.09","7.78","0.25","436.98","0.85","1.43","10","3.17","197","28.32"
"82.6","7.05","1.75","413.9","0.45","3.47","37","4.3","58","10.9"
"67.63","54.16","1.75","442.19","1.27","3.48","40","4.92","158","68.42"
"47.15","54.38","0.65","419.38","1.35","2.35","49","2.52","103","14.3"
"66.23","10.89","2.95","366.71","1.81","4.6","51","2.28","105","66.77"
"85.56","24.66","2.81","442.41","1.36","3.44","1","0.38","96","64.8"
"33.15","50.95","0.62","364.67","1.43","2.53","3","0.06","83","81.02"
"57.23","12.07","1.34","368.25","1.0","4.2","49","3.04","51","13.96"
"36.43","19.71","0.44","392.07","2.08","4.23","27","0.33","161","78.35"
"79.8","42.45","2.99","392.4","0.94","2.64","32","1.9","63","99.93"
"70.47","59.0","1.2","449.9","0.86","4.98","10","0.02","178","85.1"
"76.08","48.84","1.59","410.72","1.82","6.19","2","3.08","40","75.18"
"86.01","47.75","1.2","446.18","0.51","2.19","39","2.13","67","66.22"
"36.26","23.85","1.15","400.8","0.36","3.28","4","0.64","107","42.18"
"23.41","41.37","2.64","422.94","1.15","3.9","51","1.48","144","73.05"
"40.36","11.22","2.64","426.85","1.1","6.24","20","2.85","133","72.42"
"47.94","59.57","1.86","432.4","1.01","2.62","21","3.28","163","63.15"
"63.76","31.43","2.34","403.38","1.5","2.37","53","2.31","163","79.63"
"75.84","40.13","1.84","405.55","0.74","2.36","36","4.02","61","44.88"
"44.49","53.19","0.2","407.55","1.13","4.97","59","0.56","196","12.13"
"53.14","5.05","0.32","373.69","0.96","2.65","10","0.42","128","55.91"
"74.98","58.68","1.4","412.9","0.74","2.48","43","0.22","84","26.5"
"35.77","24.75","2.65","405.41","1.08","3.78","21","2.68","163","38.44"
"35.2","23.68","3.2","429.5","1.44","3.87","40","3.53","184","1.74"
"61.25","12.98","0.2","417.28","1.95","4.79","52","0.65","118","38.28"
"50.52","52.2","1.35","448.41","1.33","3.61","12","3.19","78","80.88"
"86.42","52.9","0.86","416.75","0.1","3.8","53","2.38","67","54.27"
"44.99","6.1","2.87","400.94","1.08","3.37","51","4.94","169","0.98"
"73.17","8.06","2.98","416.44","1.12","1.93","2","3.59","194","46.98"
"60.82","55.51","0.8","433.1","1.47","3.26","12","3.29","188","29.15"
"23.82","11.76","2.52","370.67","1.17","3.58","27","2.85","126","47.76"
"25.91","39.15","2.59","397.12","1.6","2.97","53","4.99","174","40.47"
"34.22","39.08","0.7","397.65","1.26","1.62","10","4.9","91","93.2"
"30.02","52.84","1.57","425.27","1.72","2.14","10","2.69","165","4.12"
"43.06","36.5","2.21","428.18","0.92","3.45","20","2.28","186","68.36"
"60.53","28.87","0.19","417.53","1.16","4.62","51","2.31","112","85.1"
"62.17","58.59","1.48","353.03","1.43","5.52","20","2.14","179","95.92"
"61.14","17.58","0.63","373.7","0.87","3.28","6","2.66","133","17.76"
"28.23","19.45","1.94","409.03","0.78","2.64","16","1.37","41","53.13"
"62.02","9.66","2.97","402.46","0.85","3.05","47","4.63","56","4.36"
"48.68","58.64","1.88","415.13","0.8","2.24","13","2.45","164","49.92"
"83.21","43.85","0.22","403.27","1.31","4.45","32","4.21","170","12.55"
"83.84","5.67","0.2","453.29","0.37","6.07","10","2.38","60","83.79"
"73.77","43.74","2.16","357.65","0.48","2.67","12","3.59","117","11.39"
"69.22","27.23","1.22","422.57","1.85","2.07","0","1.68","118","51.33"
"28.05","58.22","2.05","435.7","0.81","4.71","33","3.12","90","52.11"
"25.93","20.26","0.66","432.54","1.18","3.88","8","2.49","145","97.17"
"78.86","44.07","2.74","434.68","0.5","3.9","12","1.84","144","65.5"
"49.89","39.51","3.03","438.28","1.14","5.41","36","4.41","49","28.78"
"51.6","5.66","3.12","399.9","0.81","1.86","29","0.56","155","24.08"
"79.35","53.69","1.13","387.46","0.47","1.83","40","2.43","94","12.82"
"63.5","12.68","2.35","364.13","1.63","3.31","44","0.97","75","75.65"
"32.56","41.5","1.05","405.93","1.57","3.58","36","4.31","90","69.08"
"34.77","47.66","2.69","395.56","1.06","3.07","46","1.27","113","60.99"
"20.45","39.7","0.51","444.04","1.5","6.45","6","3.17","56","4.08"
"69.75","10.34","2.69","407.81","1.86","3.13","13","0.83","100","76.28"
"53.99","58.63","1.6","389.24","1.4","2.84","47","2.02","130","64.19"
"86.5","18.02","3.01","385.29","1.29","3.65","5","4.5","180","96.39"
"69.98","39.53","2.61","464.72","1.18","4.67","33","0.83","134","58.72"
"27.22","48.84","1.38","414.45","1.36","2.63","15","3.32","119","30.4"
"31.31","56.66","3.17","395.46","0.95","3.32","50","1.02","142","38.15"
"55.12","38.22","1.06","418.1","0.99","4.7","36","2.08","87","17.58"
"84.74","19.25","3.39","462.42","1.28","4.77","35","2.7","125","72.29"
"37.31","51.02","2.71","405.26","0.91","3.76","45","2.89","109","70.77"
"77.79","13.98","3.47","432.18","0.95","6.4","58","3.01","86","20.07"
"41.86","6.23","0.28","444.66","1.1","5.88","5","3.2","49","15.85"
"38.89","54.95","1.03","367.71","1.56","1.81","7","1.36","119","7.7"
"83.1","36.65","2.62","399.04","0.65","1.47","23","2.01","52","91.2"
"23.31","8.83","3.24","441.53","1.4","4.45","2","0.19","97","23.31"
"66.25","36.89","0.2","397.52","1.42","5.14","3","3.84","123","34.42"
"23.02","12.98","0.1","425.37","1.41","3.23","31","4.19","107","28.05"
"76.05","6.73","0.97","396.04","0.78","2.9","0","1.0","123","41.36"
"78.06","11.41","3.0","403.86","0.42","2.52","33","1.01","125","71.4"
"82.53","47.63","2.71","400.82","1.32","2.1","44","0.21","196","87.06"
"33.03","46.56","1.26","430.92","1.18","4.86","8","4.85","183","18.26"
"28.71","38.24","0.11","420.04","1.5","3.04","11","4.04","102","68.64"
"55.25","16.51","1.99","417.47","0.82","3.86","9","1.8","82","35.26"
"39.01","45.64","0.91","477.69","1.4","1.31","9","2.41","190","98.05"
"62.44","27.44","2.64","458.49","1.52","4.7","49","1.46","197","29.89"
"55.96","33.09","1.62","365.47","1.06","4.21","43","2.99","69","0.72"
"30.14","54.37","2.41","403.91","1.27","1.89","53","3.59","106","51.56"
"71.75","30.18","3.0","475.66","1.25","3.81","47","2.24","63","15.07"
"76.26","39.45","1.92","400.64","0.77","3.51","22","4.37","140","4.45"
"87.41","57.9","1.24","467.19","1.31","2.96","5","2.59","145","69.83"
"47.69","29.83","2.72","404.34","1.75","0.02","23","0.72","140","73.23"
"43.64","35.84","1.0","409.15","1.11","2.71","56","3.11","47","46.07"
"33.46","37.14","3.13","436.59","0.52","3.86","23","2.31","135","67.69"
"32.66","18.24","0.34","412.74","0.83","2.84","20","4.68","74","53.82"
"42.47","45.53","2.94","427.37","0.39","3.23","55","1.96","135","62.98"
"88.73","44.97","0.41","454.37","1.62","5.3","41","2.01","89","59.67"
"26.46","16.75","0.29","433.97","1.41","3.41","30","3.25","184","66.58"
"38.16","5.73","1.34","418.54","0.9","0.98","46","2.63","41","19.96"
"26.02","59.94","3.35","456.84","0.53","3.28","57","1.87","83","26.87"
"39.15","36.99","3.44","436.92","0.77","3.62","40","4.95","141","44.0"
"26.47","14.96","0.79","396.66","0.84","2.51","29","1.51","169","44.61"
"55.58","20.6","0.61","464.5","1.14","4.38","55","1.39","111","77.44"
"50.68","38.98","1.3","431.06","1.13","1.75","33","4.32","149","36.74"
"32.18","12.57","1.25","409.66","1.64","3.33","17","0.02","176","16.25"
"32.24","7.05","2.68","364.48","0.82","1.73","11","1.01","168","25.15"
"63.83","48.92","1.61","380.56","0.5","3.15","34","2.95","142","21.47"
"47.1","44.37","2.75","457.5","0.64","4.35","6","0.81","176","73.17"
"23.93","22.03","2.65","458.49","1.09","3.31","40","4.93","181","47.03"
"84.41","8.22","2.07","417.13","0.81","3.24","39","2.32","66","70.86"
"48.35","31.74","2.93","370.74","0.98","3.53","24","2.99","176","41.62"
"61.37","20.19","0.77","387.83","0.92","3.59","5","0.8","132","88.97"
"81.98","26.88","0.65","374.41","1.5","4.33","0","1.45","139","98.35"
"48.15","20.07","2.65","373.5","0.87","4.34","45","3.07","170","66.98"
"77.45","14.64","0.93","465.67","0.95","5.21","15","2.75","156","86.38"
"84.03","26.28","0.11","466.5","1.39","3.7","59","3.92","190","50.79"
"32.18","58.07","3.2","386.98","0.87","1.51","47","1.35","161","93.46"
"82.47","19.64","2.22","414.78","1.27","4.53","3","3.27","149","83.16"
"28.39","23.48","1.61","382.88","1.23","5.12","28","1.45","112","99.18"
"39.26","23.11","2.57","414.62","1.16","6.45","37","2.93","69","62.31"
"76.57","31.42","1.23","455.98","0.65","5.24","46","3.03","58","77.92"
"83.05","51.39","3.34","441.97","1.59","2.91","27","0.61","141","54.29"
"67.89","27.12","0.33","435.22","1.99","3.72","21","2.74","106","25.91"
"27.34","49.34","2.28","410.15","1.1","3.18","7","0.06","89","35.48"
"56.61","11.33","2.74","446.55","0.68","3.01","31","2.51","87","89.4"
"60.08","54.22","1.7","431.17","1.11","3.36","32","3.49","42","5.59"
"39.73","15.19","2.67","425.1","1.5","5.04","12","0.36","105","59.15"
"89.39","7.16","3.25","412.11","0.85","1.59","26","4.69","194","37.25"
"43.49","13.71","2.63","422.96","1.05","2.3","17","2.29","145","38.67"
"34.72","15.49","1.15","422.21","1.24","4.96","17","4.69","150","88.46"
"27.71","32.97","2.01","401.46","1.58","5.24","12","0.54","79","85.38"
"46.5","29.75","3.2","395.63","1.41","2.71","21","4.75","164","59.88"
"68.48","44.37","1.63","390.08","1.43","5.48","13","0.55","57","27.29"
"36.2","7.8","2.42","391.68","0.93","4.67","10","2.31","194","47.55"
"73.87","32.37","1.68","410.3","1.26","3.18","38","4.69","178","40.83"
"29.48","23.29","0.51","406.18","0.81","0.58","49","1.16","58","35.36"
"50.83","39.69","0.3","399.48","1.44","1.5","52","0.17","128","10.28"
"69.17","7.4","3.34","397.63","1.56","2.71","21","3.97","174","54.31"
"29.47","6.92","2.18","422.3","1.32","4.41","35","2.98","96","30.18"
"61.85","28.5","0.45","449.44","0.95","4.42","16","2.57","169","66.08"
"75.93","49.62","3.02","414.73","1.02","2.94","50","0.17","77","31.92"
"61.69","41.91","1.88","413.09","1.82","3.22","31","3.27","172","43.12"
"55.8","5.92","2.72","391.63","0.96","3.46","13","0.86","121","5.24"
"78.68","14.82","0.53","409.42","1.52","3.24","41","4.66","75","99.25"
"88.98","17.47","3.18","444.76","1.24","3.7","56","3.43","127","50.76"
"32.69","28.27","2.11","440.94","0.97","3.46","28","3.54","158","2.42"
"68.39","37.27","2.61","439.2","0.56","1.49","5","1.16","124","54.12"
"25.65","16.91","0.21","438.4","1.18","3.25","49","4.4","187","87.04"
"23.0","26.04","1.17","425.92","1.14","3.47","56","2.69","172","77.26"
"39.66","37.12","1.01","425.03","1.82","4.69","3","4.29","63","70.09"
"87.96","26.09","3.33","421.12","0.76","2.5","10","1.35","69","13.95"
"58.65","12.87","0.73","404.58","2.02","3.74","44","3.78","67","65.77"
"38.78","32.04","2.5","417.09","1.25","4.18","39","2.87","148","76.63"
"29.28","22.82","0.25","420.39","1.25","3.32","9","0.24","174","57.24"
"84.41","52.53","0.77","430.83","0.86","1.39","54","2.03","74","89.27"
"45.37","47.66","1.25","417.51","1.23","4.71","27","0.92","158","27.7"
"41.47","15.47","2.8","467.63","1.29","4.4","10","1.8","73","24.21"
"80.06","13.39","2.79","384.75","1.47","3.77","34","1.92","142","86.96"
"62.31","24.12","3.34","433.86","0.71","3.55","14","2.37","156","62.54"
"31.8","27.67","3.22","413.97","1.66","1.36","7","3.0","115","0.14"
"49.51","56.26","0.38","415.05","1.24","4.43","19","2.85","93","35.31"
"84.98","21.59","2.92","394.69","1.34","5.28","49","0.19","68","85.79"
"83.08","52.72","1.63","440.48","1.01","2.16","58","3.75","177","2.73"
"24.91","32.79","3.04","431.32","0.73","5.11","20","4.75","66","0.32"
"38.8","53.71","0.4","435.84","1.13","4.86","0","1.74","52","28.13"
"30.82","43.61","2.9","419.23","1.17","2.13","28","0.9","81","91.4"
"57.37","43.96","0.64","406.88","0.55","3.03","23","2.7","60","90.15"
"72.5","33.53","1.24","413.34","1.42","1.83","29","3.52","170","51.88"
"40.69","51.22","0.2","425.84","1.5","3.42","39","3.39","175","55.32"
"73.06","18.99","0.52","364.86","0.81","4.04","34","3.06","109","33.2"
"66.81","54.9","1.62","436.82","0.69","1.92","32","0.73","184","24.37"
"70.98","40.02","2.88","475.65","0.98","3.96","19","4.18","49","81.52"
"86.38","29.13","2.73","427.01","1.11","4.27","56","2.13","180","10.63"
"49.72","59.02","0.9","407.98","0.99","4.28","15","1.11","145","48.74"
"43.98","52.41","0.62","410.97","1.08","4.05","8","0.43","51","63.44"
"67.87","47.46","1.42","432.69","1.19","2.03","30","2.08","167","10.37"
"76.53","20.06","3.1","408.54","0.55","3.35","16","3.09","190","51.96"
"33.4","58.56","0.41","436.72","0.6","3.92","58","3.33","167","57.75"
"79.28","45.86","1.95","410.65","0.01","5.25","30","4.81","100","74.25"
"24.05","38.29","0.4","457.85","1.48","3.5","47","0.77","65","23.48"
"20.45","55.7","1.7","457.16","1.11","4.01","22","4.93","54","29.33"
"31.09","13.92","0.53","406.75","1.52","2.38","5","3.27","61","56.95"
"88.51","12.65","0.37","412.97","0.64","2.11","29","2.27","128","98.31"
"56.65","36.0","0.75","414.44","1.11","1.96","54","4.44","104","21.75"
"23.26","8.12","0.97","414.78","1.19","3.0","6","3.47","193","98.59"
"89.8","41.52","1.04","391.31","0.88","5.97","55","1.74","60","71.43"
"72.14","18.24","2.29","387.82","0.48","3.02","47","4.42","191","82.61"
"78.66","11.55","0.29","446.24","1.8","3.94","39","3.33","55","8.96"
"34.91","27.52","0.37","442.24","1.66","4.17","41","3.49","199","30.04"
"27.38","30.63","0.74","441.81","0.95","2.19","45","4.48","55","5.77"
"56.06","14.38","3.07","413.27","1.3","2.98","10","2.24","81","37.15"
"74.05","7.28","2.24","462.3","0.91","4.25","33","3.28","199","98.13"
"64.64","27.77","2.58","414.44","0.7","4.01","11","3.72","80","10.53"
"64.17","46.77","1.36","436.57","1.83","1.11","59","2.27","147","56.24"
"73.0","53.08","0.82","380.28","0.44","4.21","59","0.42","164","0.61"
"35.89","10.37","0.23","409.26","0.99","2.84","51","3.86","191","71.27"
"66.31","33.86","1.76","411.1","1.13","2.87","51","0.24","52","19.72"
"47.45","19.49","2.05","413.36","1.76","3.99","44","3.59","118","12.96"
"24.88","25.6","3.15","381.86","1.46","5.33","46","4.55","177","33.7"
"34.15","56.34","3.1","432.6","0.43","3.26","26","1.73","81","77.1"
"75.58","24.36","1.54","440.72","1.1","4.91","57","0.51","160","10.66"
"82.72","25.09","1.54","396.4","1.11","1.77","11","1.16","170","22.98"
"39.8","16.52","0.65","386.32","1.01","3.66","12","2.81","55","0.85"
"33.33","57.8","0.98","395.78","1.35","2.85","7","4.71","83","96.84"
"21.87","30.11","3.25","427.39","0.54","3.84","15","2.56","197","59.21"
"86.34","36.37","0.58","400.08","0.94","3.14","28","0.56","160","71.99"
"67.87","29.92","3.39","411.65","1.29","1.89","34","3.14","63","65.14"
"86.99","18.91","1.82","388.16","1.37","2.44","59","3.66","65","14.44"
"80.47","49.57","1.65","464.48","1.16","1.53","28","1.97","97","59.49"
"43.83","6.57","0.69","416.83","0.98","1.93","30","3.61","48","13.14"
"27.89","42.96","2.35","443.74","1.05","4.08","12","1.62","165","40.12"
"54.93","37.69","1.66","427.33","1.4","3.2","11","3.95","58","56.9"
"21.88","12.94","1.36","413.95","1.11","3.78","50","1.71","67","55.89"
"30.49","14.12","1.0","412.66","0.68","5.68","1","1.28","174","11.91"
"36.34","41.26","0.33","396.87","0.61","3.14","32","4.4","84","3.44"
"66.6","22.17","1.87","403.74","0.5","4.26","7","2.74","167","79.82"
"55.69","19.62","1.16","389.8","1.68","3.53","40","1.43","133","72.59"
"41.17","8.25","2.51","387.08","1.42","6.82","56","4.68","55","8.18"
"59.53","47.16","2.56","467.16","1.06","-0.12","58","3.45","44","12.74"
"28.76","53.55","1.23","421.97","0.92","2.64","39","1.1","196","89.26"
"72.9","50.09","2.38","451.64","0.87","4.28","52","3.07","91","76.91"
"69.84","30.63","0.98","395.15","1.54","2.6","48","4.35","190","99.62"
"35.16","34.37","2.57","383.71","1.86","4.18","40","3.48","45","25.4"
"62.45","18.33","0.15","390.56","0.86","3.43","31","1.22","88","48.78"
"55.23","14.51","0.62","404.45","1.56","4.54","37","3.24","119","23.65"
"24.26","50.27","0.93","415.91","1.11","2.14","27","3.1","137","62.28"
"39.47","48.91","2.73","411.23","1.02","3.71","14","4.1","146","11.54"
"89.96","47.75","0.33","395.67","1.7","4.06","22","0.89","193","12.72"
"26.97","30.48","0.74","417.19","1.1","3.66","23","3.5","76","7.19"
"55.45","52.55","1.32","419.38","1.22","3.68","12","0.14","155","69.36"
"79.45","55.94","0.13","432.56","1.2","4.94","20","3.48","56","49.41"
"41.05","23.06","2.69","451.76","0.45","1.48","53","4.8","71","61.77"
"38.25","17.36","2.0","405.9","1.22","3.65","11","0.87","195","87.93"
"82.36","30.53","3.16","445.39","0.87","2.05","12","1.56","64","74.03"
"41.34","14.86","0.21","416.65","0.53","4.41","38","2.91","61","46.17"
"65.6","53.62","1.02","376.82","0.89","2.49","22","3.66","100","98.44"
"71.82","23.59","2.59","459.58","0.89","0.53","49","1.72","165","45.63"
"75.2","36.69","2.4","471.81","1.51","4.44","45","3.32","83","11.25"
"89.63","37.71","0.93","430.48","0.67","3.18","42","4.5","141","99.27"
"76.22","33.32","2.13","417.24","0.78","3.93","27","3.63","59","2.28"
"65.99","13.61","2.8","408.21","1.19","5.21","13","3.56","148","54.99"
"82.68","59.51","0.21","403.4","0.57","3.95","16","1.91","127","30.91"
"83.4","14.49","2.54","445.27","0.84","3.7","23","4.56","86","50.36"
"88.12","46.33","0.96","414.57","0.43","3.44","52","1.39","90","55.87"
"74.35","48.52","3.32","456.85","1.47","2.12","57","1.03","78","24.01"
"33.64","12.98","1.93","415.87","0.98","3.24","33","1.82","53","55.69"
"69.69","56.32","0.21","404.69","1.09","5.87","50","3.25","60","75.61"
"25.26","31.83","1.47","399.97","1.47","3.05","47","4.31","182","26.65"
"42.26","39.59","3.39","396.41","0.81","3.31","21","0.66","139","38.34"
"28.11","40.32","2.58","427.85","0.98","5.01","9","4.07","136","26.82"
"86.5","32.77","1.12","382.64","0.68","1.65","53","4.06","40","82.06"
"43.71","12.81","2.06","394.54","0.68","4.24","7","2.93","148","72.5"
"69.93","46.35","2.14","448.11","0.73","1.59","20","3.8","121","87.12"
"59.99","37.0","0.18","391.14","0.9","3.98","36","0.91","177","17.0"
"27.53","11.53","0.71","436.57","0.95","3.47","6","0.85","190","7.36"
"59.29","43.52","1.98","363.42","1.22","4.23","25","4.31","57","11.94"
"66.27","43.65","1.47","451.25","0.74","2.29","12","2.49","97","16.1"
"81.71","35.17","0.75","383.24","1.23","2.86","15","1.23","165","53.31"
"24.91","9.98","2.73","393.09","1.29","4.3","29","3.44","112","97.09"
"40.69","24.4","1.76","432.01","0.91","2.89","30","4.46","149","35.72"
"68.46","7.8","1.15","421.76","0.78","4.41","4","3.16","91","95.85"
"22.4","31.27","0.65","437.37","1.13","3.75","31","1.74","85","3.82"
"34.25","54.85","2.18","383.04","1.02","2.97","15","2.42","146","92.69"
"35.31","5.12","2.37","407.83","1.19","3.12","46","3.76","52","18.12"
"66.85","19.67","2.38","399.57","1.73","3.5","8","0.34","135","91.25"
"40.02","48.99","0.85","387.25","1.13","3.24","21","1.09","56","5.62"
"61.97","5.54","2.12","429.9","0.84","4.38","54","2.31","106","94.82"
"87.57","5.56","3.18","438.58","0.74","3.05","43","3.02","100","20.08"
"75.53","38.6","1.3","406.58","0.76","2.81","39","1.7","104","30.27"
"43.3","48.41","0.82","453.07","0.51","4.59","44","1.49","172","49.09"
"53.07","47.71","2.73","395.36","1.47","2.99","36","0.21","199","38.07"
"34.05","47.88","0.7","452.46","0.21","2.85","13","0.16","128","66.75"
"21.1","24.86","0.96","429.06","1.3","0.52","15","1.39","95","97.48"
"40.28","53.55","0.44","384.41","0.75","2.25","42","2.65","44","60.64"
"45.86","5.71","1.01","464.54","0.9","2.49","19","2.78","140","72.15"
"59.51","22.17","1.5","403.89","0.74","2.85","43","2.47","126","8.8"
"86.08","23.55","0.32","445.13","1.68","2.63","14","2.05","100","62.78"
"86.35","14.11","3.06","418.64","1.11","4.68","55","1.26","108","45.38"
"24.91","23.49","1.85","424.36","1.42","2.57","43","2.0","102","88.58"
"63.03","37.22","2.1","437.53","1.62","2.66","25","0.69","83","38.82"
"22.96","33.62","1.36","436.15","1.17","3.69","8","0.58","67","67.95"
"65.37","22.57","2.38","406.45","0.62","2.18","0","1.5","52","22.82"
"28.24","46.21","1.57","428.29","1.01","5.38","34","4.98","69","25.94"
"86.25","44.31","2.69","426.41","0.8","4.46","43","1.63","193","37.61"
"80.5","20.44","2.89","420.34","0.9","2.1","19","4.68","102","30.41"
"21.56","22.78","2.38","409.92","1.06","4.72","44","1.96","112","25.39"
"74.75","20.81","1.77","420.29","1.05","4.97","54","2.2","96","4.97"
"64.51","12.09","2.76","464.19","1.26","2.13","5","3.99","103","83.67"
"54.68","46.4","1.78","407.62","1.32","2.1","41","0.47","91","6.43"
"62.18","7.55","0.48","445.16","1.05","2.77","9","0.91","102","88.74"
